Age,Country,self_employed,family_history,treatment,work_interfere,no_employees,remote_work,tech_company,benefits,care_options,wellness_program,seek_help,anonymity,leave,mental_health_consequence,phys_health_consequence,coworkers,supervisor,mental_health_interview,phys_health_interview,mental_vs_physical,obs_consequence,Gender_clean
37,United States,0,0,1,3.0,1,0,1,1,0,0,1,1,3,0,0,1,2,0,1,1,0,Female
44,United States,0,0,0,1.0,5,0,0,0,0,0,0,0,2,1,0,0,0,0,0,0,0,Male
32,Canada,0,0,0,1.0,1,0,1,0,0,0,0,0,1,0,0,2,2,2,2,0,0,Male
31,United Kingdom,0,1,1,3.0,2,0,1,0,1,0,0,0,1,2,2,1,0,1,1,0,1,Male
31,United States,0,0,0,0.0,3,1,1,1,0,0,0,0,2,0,0,1,2,2,2,0,0,Male
33,United States,0,1,0,2.0,1,0,1,1,0,0,0,0,2,0,0,2,2,0,1,0,0,Male
35,United States,0,1,1,2.0,0,1,1,0,0,0,0,0,1,1,1,1,0,0,0,0,0,Female
39,Canada,0,0,0,0.0,0,1,1,0,1,0,0,1,2,0,0,0,0,0,0,0,0,Male
42,United States,0,1,1,2.0,3,0,1,1,1,0,0,0,0,1,0,2,2,0,1,0,0,Female
23,Canada,0,0,0,0.0,2,0,1,0,0,0,0,0,2,0,0,2,2,1,1,1,0,Male
31,United States,0,0,1,2.0,1,1,1,0,0,0,0,0,2,0,0,1,2,0,0,0,0,Male
29,Bulgaria,0,0,0,0.0,3,1,1,0,0,0,0,0,2,0,0,2,2,2,2,0,0,Male
42,United States,0,1,1,2.0,2,0,0,1,1,0,0,0,1,2,2,2,2,1,1,0,1,Female
36,United States,0,1,0,0.0,4,0,1,0,0,0,0,0,2,0,0,2,2,0,0,0,0,Male
27,Canada,0,0,0,0.0,1,0,1,0,0,0,0,0,3,0,0,1,1,1,2,1,0,Male
29,United States,0,1,1,1.0,2,0,1,1,0,0,0,0,3,0,0,2,1,1,1,0,0,Female
23,United Kingdom,0,0,1,2.0,2,1,1,0,0,0,0,0,4,1,0,1,0,1,1,0,0,Male
32,United States,0,0,1,2.0,1,0,1,1,1,0,0,0,2,1,0,1,2,0,0,0,0,Male
46,United States,1,1,0,2.0,0,1,1,1,0,1,0,1,4,0,0,2,2,0,2,1,1,Male
29,United States,0,1,1,2.0,3,0,1,1,1,0,0,0,1,1,0,1,1,0,0,0,0,Male
31,United States,1,0,0,0.0,0,1,1,0,0,0,0,1,1,0,0,1,1,0,1,1,0,Male
46,United States,0,0,1,3.0,2,1,1,1,1,0,0,0,2,1,0,1,2,0,1,0,0,Male
41,United States,0,0,1,0.0,5,0,0,0,0,0,0,0,2,1,0,0,0,0,2,0,0,Male
33,United States,0,1,1,1.0,2,0,1,1,0,0,1,1,2,0,0,2,2,0,2,0,0,Male
35,United States,0,1,1,2.0,5,0,0,1,1,0,0,0,4,2,0,1,2,0,2,0,0,Male
35,United States,0,1,1,1.0,1,1,1,1,1,0,0,0,2,0,0,2,2,1,1,1,0,Female
34,United States,0,0,1,2.0,2,1,1,0,0,0,0,0,1,0,0,1,0,0,0,0,0,Male
37,United Kingdom,0,0,0,2.0,1,0,1,0,0,0,0,0,0,2,1,1,0,0,1,0,0,Male
32,United Kingdom,0,0,0,0.0,1,1,1,0,0,0,0,0,2,2,2,1,1,0,1,0,0,Male
31,United States,1,1,0,1.0,0,1,1,0,1,0,0,0,1,2,0,0,0,0,0,0,1,Male
30,United Kingdom,0,1,1,2.0,4,1,1,0,0,0,0,1,3,1,0,1,2,0,2,0,0,Male
42,United States,0,1,1,2.0,2,1,1,1,1,1,1,1,4,1,0,1,1,1,2,0,0,Male
40,United States,0,0,1,2.0,0,0,1,1,1,0,0,0,2,1,0,1,0,0,1,1,0,Female
27,United States,0,0,1,1.0,1,0,1,0,1,0,0,0,4,0,0,2,2,1,1,0,0,Male
29,Canada,0,0,0,1.0,0,0,1,0,0,0,0,0,4,2,1,1,0,0,0,0,0,Male
35,United States,0,0,1,1.0,5,1,1,1,1,0,1,1,4,0,0,2,2,1,1,1,0,Male
24,United Kingdom,0,0,1,2.0,1,0,1,0,0,0,0,0,2,1,1,1,0,0,2,0,1,Male
27,Canada,0,1,1,2.0,0,0,1,0,1,0,0,1,0,1,0,1,0,0,0,1,0,Male
18,Netherlands,0,0,0,3.0,1,0,1,0,0,0,0,0,1,2,1,0,1,0,0,0,0,Male
30,United States,0,0,1,2.0,2,0,1,0,0,0,0,0,2,0,0,0,0,0,1,0,0,Male
38,United States,0,1,1,2.0,2,0,1,1,1,0,1,1,3,0,0,1,2,0,0,1,0,Female
26,Canada,1,0,0,2.0,0,0,1,0,1,1,0,0,2,0,0,2,2,0,0,1,0,Male
30,United States,0,1,1,1.0,2,0,1,1,0,0,0,0,2,1,0,1,2,0,0,0,0,Male
22,United States,0,1,1,3.0,1,0,1,0,1,0,0,1,0,1,0,0,0,0,1,0,0,Male
32,United States,0,0,0,0.0,0,1,1,0,0,0,0,0,2,1,0,1,2,0,0,0,0,Male
27,United States,0,1,1,1.0,2,0,1,1,1,0,0,1,2,1,0,0,0,0,0,0,0,Male
24,United States,0,1,1,2.0,2,1,1,0,0,0,0,0,2,0,1,1,2,2,2,0,0,Male
33,Canada,0,1,1,3.0,1,1,1,0,0,0,0,0,1,2,0,0,0,0,1,0,0,Male
44,United States,0,1,1,2.0,5,0,0,1,0,0,0,0,2,2,1,1,0,0,1,0,1,Male
26,Poland,0,0,1,2.0,2,1,1,0,0,1,1,1,4,0,0,2,2,1,2,1,0,Female
27,United Kingdom,0,0,0,0.0,3,0,1,1,0,0,1,0,3,0,0,2,2,1,1,1,0,Male
35,Canada,0,0,0,2.0,1,0,1,0,0,0,0,0,3,0,0,1,2,0,1,0,0,Male
40,United States,0,1,0,2.0,5,1,1,1,1,1,1,0,2,2,1,1,0,0,0,0,1,Male
23,Australia,0,1,1,3.0,0,1,1,0,0,0,0,0,4,0,0,1,2,0,1,1,0,Female
36,United States,0,0,0,2.0,3,1,1,1,0,0,1,0,2,1,0,1,1,1,2,1,0,Male
34,United States,1,0,0,1.0,0,1,1,0,0,0,0,0,2,1,0,1,0,0,0,0,0,Male
28,France,0,0,0,0.0,2,0,1,0,0,0,0,0,2,1,0,1,1,0,0,0,0,Male
34,Canada,0,0,0,0.0,1,0,1,0,0,0,0,0,3,0,0,1,2,0,0,0,0,Male
23,United States,0,0,0,1.0,5,0,1,1,1,0,0,1,1,1,0,2,2,0,0,0,0,Other
33,United States,0,0,0,0.0,5,0,1,0,0,1,0,0,2,1,0,1,1,0,1,1,0,Male
31,United States,1,1,0,2.0,0,1,1,0,0,0,0,1,1,0,0,2,2,1,1,1,0,Male
32,United States,0,1,1,2.0,2,1,1,0,0,0,0,0,1,2,0,1,0,0,2,0,0,Male
28,Germany,0,0,0,0.0,1,1,1,0,0,0,0,0,4,0,0,1,1,1,2,1,0,Male
38,United States,0,1,0,2.0,3,1,1,1,1,0,1,0,2,0,0,2,1,1,1,1,0,Male
23,United Kingdom,0,0,0,0.0,2,0,1,1,0,1,0,0,4,0,0,1,2,1,1,1,0,Male
30,Canada,0,0,0,0.0,2,0,0,0,0,0,0,0,2,0,0,1,2,0,0,0,0,Male
27,United States,1,0,1,3.0,0,1,1,1,1,1,1,1,4,1,1,1,2,0,1,1,0,Female
33,United States,0,1,0,0.0,5,0,1,0,0,0,0,0,2,2,0,0,0,0,1,0,0,Male
39,United Kingdom,1,0,1,3.0,1,0,1,0,0,0,0,0,0,1,0,1,0,0,1,0,1,Male
34,United States,0,1,1,1.0,4,1,1,1,0,0,0,0,2,2,1,1,1,0,0,0,0,Female
29,United States,0,0,1,2.0,2,0,1,1,1,0,0,0,2,1,0,1,1,0,1,0,1,Female
31,United States,0,0,0,0.0,4,0,1,1,1,1,1,1,3,0,0,1,2,0,0,1,0,Male
40,United States,0,0,1,2.0,2,0,1,0,1,0,0,1,0,0,0,2,2,2,2,0,0,Male
25,Canada,0,0,1,2.0,2,0,1,1,1,0,0,0,2,1,0,1,2,0,1,0,0,Female
29,United States,0,0,0,0.0,2,0,1,0,0,0,0,0,2,0,0,2,2,1,1,0,0,Male
24,United States,0,1,0,1.0,2,0,1,0,0,0,0,0,3,1,1,1,0,0,1,0,0,Male
31,Mexico,0,1,1,2.0,1,0,1,0,0,0,0,0,2,0,0,1,2,1,2,0,0,Male
33,United States,0,0,1,2.0,1,0,1,0,1,0,0,0,3,1,0,1,0,0,1,0,0,Male
30,United States,0,0,1,3.0,0,0,1,0,1,0,0,1,3,0,0,2,2,1,1,1,0,Male
26,Canada,0,1,1,2.0,2,0,0,0,1,0,0,0,0,2,0,0,0,0,1,0,1,Female
44,United States,0,0,0,0.0,3,0,1,1,0,0,0,0,2,1,1,0,1,0,0,0,0,Female
33,United States,0,1,1,2.0,2,1,1,1,1,1,1,1,3,0,0,1,2,1,1,1,0,Male
29,United States,0,0,0,0.0,5,0,1,1,0,1,0,0,3,0,0,1,2,0,0,0,0,Male
35,United States,0,1,0,1.0,1,0,1,1,0,0,0,1,3,0,0,1,2,0,0,0,0,Male
35,United States,0,1,1,2.0,2,1,1,0,0,0,0,0,3,0,0,1,2,0,1,0,0,Male
28,Brazil,0,1,1,1.0,1,0,1,0,0,0,0,0,2,1,0,2,2,0,0,0,1,Male
34,United States,0,1,0,0.0,1,1,1,1,0,0,0,0,2,1,0,0,0,0,0,0,0,Male
32,United States,0,0,1,2.0,2,0,1,1,0,1,1,1,1,1,0,1,2,0,1,1,0,Male
22,United States,0,0,1,2.0,4,0,1,1,1,0,0,1,2,2,0,0,0,0,2,0,0,Male
28,United States,0,0,1,2.0,2,0,1,1,1,1,1,1,3,0,0,1,1,0,1,1,0,Male
45,United States,0,1,1,1.0,1,1,1,1,1,0,1,1,4,0,0,2,2,2,2,1,0,Male
32,United States,0,0,0,0.0,3,0,1,1,1,0,0,0,2,1,0,1,1,0,0,0,0,Male
26,United Kingdom,0,0,0,0.0,1,0,1,0,0,0,0,0,4,0,0,1,1,0,0,0,1,Male
21,United Kingdom,1,0,0,3.0,0,1,0,0,1,0,0,1,0,2,0,1,2,0,1,0,0,Male
27,Canada,0,0,0,1.0,1,0,0,1,1,1,1,1,4,1,0,1,2,0,0,0,0,Male
18,United States,0,0,1,1.0,0,1,1,0,0,0,0,1,4,0,0,1,0,0,0,0,0,Male
29,United States,0,0,0,0.0,5,0,1,1,1,0,1,0,2,2,2,0,0,0,0,0,0,Male
33,United States,0,1,1,2.0,1,1,1,0,0,0,0,1,4,0,0,2,2,0,1,1,0,Male
36,United States,0,0,0,3.0,1,0,1,1,0,0,0,1,2,1,0,0,0,0,0,0,0,Male
27,Canada,0,0,1,0.0,3,0,0,1,0,0,0,0,0,1,0,1,2,0,1,0,1,Male
27,United States,0,1,0,0.0,4,0,1,1,0,1,1,1,2,2,0,1,0,0,2,0,0,Male
32,United States,0,0,1,1.0,3,0,1,1,1,0,1,1,2,2,0,0,2,0,0,0,0,Male
31,United Kingdom,0,1,0,2.0,1,0,1,0,0,0,0,0,3,1,1,0,0,0,0,1,0,Male
19,Slovenia,0,0,1,2.0,1,0,1,0,0,0,0,0,3,2,2,1,0,0,0,0,0,Male
33,United States,0,1,1,2.0,5,0,1,1,1,0,0,0,4,1,0,2,1,0,2,0,0,Male
32,United States,0,0,0,1.0,0,1,1,0,1,0,0,0,0,1,0,2,1,0,2,0,0,Male
27,United States,0,0,0,0.0,2,0,1,0,0,0,0,0,2,0,0,2,2,1,1,0,0,Male
24,Canada,0,0,1,0.0,2,0,1,0,0,0,0,0,2,0,0,1,2,1,2,0,0,Male
39,United Kingdom,0,0,0,0.0,2,0,0,0,0,0,0,0,2,2,1,0,0,0,0,0,0,Male
28,United Kingdom,0,0,0,0.0,1,0,1,0,0,0,0,1,4,0,0,1,2,1,1,1,0,Male
39,United States,0,0,1,3.0,5,0,1,1,0,0,0,0,3,0,0,2,2,0,0,0,0,Male
38,United States,0,1,1,2.0,3,0,1,0,0,0,0,0,2,1,0,1,2,0,0,0,0,Male
37,United Kingdom,1,0,1,2.0,5,0,0,0,1,1,1,1,0,2,2,1,0,0,1,1,0,Male
35,United States,0,0,0,0.0,2,1,0,0,0,0,0,0,2,2,0,1,0,0,1,0,0,Male
37,United States,0,1,1,1.0,3,0,0,1,1,1,1,0,3,1,1,1,2,1,1,0,0,Male
24,United Kingdom,0,0,0,0.0,1,0,1,0,0,0,0,1,2,1,1,0,1,0,0,0,0,Male
23,United States,0,0,0,2.0,1,0,0,0,0,0,0,0,3,2,2,0,0,0,0,0,0,Male
30,Ireland,0,0,1,1.0,3,0,1,0,1,1,1,0,3,2,0,1,0,0,0,0,1,Male
32,United States,0,1,0,0.0,2,0,1,0,0,0,0,0,4,0,0,1,1,0,1,0,0,Male
28,Poland,0,0,0,1.0,1,1,1,0,0,0,0,0,2,0,0,2,2,1,2,1,0,Male
36,United States,0,0,0,0.0,1,0,1,0,0,0,0,0,2,0,0,1,1,1,1,0,0,Male
37,United Kingdom,0,1,1,1.0,5,0,0,1,1,1,1,1,1,2,1,1,0,0,2,0,1,Male
25,United States,0,1,1,2.0,2,0,0,0,0,0,0,0,1,1,0,1,1,0,1,0,0,Male
27,United States,0,1,1,2.0,5,0,1,0,0,0,0,0,2,0,0,0,1,0,1,0,0,Male
26,United States,0,0,0,3.0,2,0,0,0,0,0,0,0,2,2,1,1,2,0,1,0,0,Male
27,United States,0,0,1,1.0,2,1,1,0,1,0,0,0,1,1,0,1,2,0,0,0,1,Male
25,United States,0,1,1,2.0,2,0,1,0,0,0,0,0,4,1,0,1,0,0,0,0,1,Male
36,United Kingdom,0,0,1,2.0,5,0,0,1,1,1,1,1,3,1,1,1,1,0,1,0,1,Male
25,United States,0,1,1,2.0,4,0,1,1,0,0,0,0,2,2,2,1,1,0,0,0,0,Female
31,United States,0,0,0,0.0,5,0,1,1,0,0,1,0,2,0,0,1,1,0,0,0,0,Male
26,United States,0,1,0,1.0,1,0,1,0,0,0,0,0,2,1,0,1,2,0,0,0,0,Male
33,United States,1,1,1,2.0,0,0,1,0,1,1,1,1,0,0,0,1,2,0,2,1,0,Female
34,United States,0,0,0,0.0,2,0,1,0,0,0,0,0,4,1,0,1,1,0,1,0,0,Male
23,Ireland,1,1,0,2.0,0,0,1,0,0,0,0,0,0,2,0,0,0,0,1,0,0,Male
24,United Kingdom,0,0,0,1.0,3,0,1,0,0,1,0,0,4,1,1,1,1,0,1,0,0,Male
26,United Kingdom,0,0,1,2.0,5,0,1,1,1,0,0,1,3,0,0,2,2,0,0,0,0,Male
31,United Kingdom,1,0,1,3.0,1,0,1,0,0,0,0,0,2,1,0,1,2,0,1,0,0,Male
22,India,0,0,1,0.0,5,0,1,0,0,0,0,0,0,2,1,0,0,1,1,0,0,Male
34,Canada,0,1,1,2.0,5,0,0,1,1,1,0,0,3,0,0,1,2,0,0,0,0,Female
31,United States,0,0,0,0.0,2,0,1,0,0,0,0,0,2,1,0,0,1,0,1,0,0,Male
32,United States,0,0,1,3.0,1,1,1,1,0,0,0,1,4,0,0,2,2,0,0,1,1,Female
45,United States,0,0,1,2.0,0,0,1,1,0,0,0,1,1,0,0,2,2,0,0,1,0,Female
29,Mexico,0,0,0,0.0,1,1,1,0,0,0,0,0,2,1,1,0,2,1,2,0,0,Male
26,India,1,0,0,2.0,1,0,0,0,0,0,0,0,3,1,1,1,1,0,0,0,0,Female
28,United Kingdom,0,0,0,0.0,2,0,1,0,0,0,0,1,3,0,0,2,2,1,1,0,0,Female
45,United States,0,0,1,2.0,5,0,1,0,0,0,0,0,2,2,2,1,1,0,0,0,0,Male
43,United States,0,1,1,3.0,5,1,1,1,0,0,0,0,0,2,1,0,0,0,0,0,0,Male
24,United Kingdom,0,0,0,2.0,1,0,1,0,0,0,0,0,3,1,0,1,2,1,2,1,0,Male
35,United States,0,1,1,0.0,5,0,1,1,0,0,0,1,3,1,0,0,0,0,0,0,0,Female
38,South Africa,1,1,1,3.0,0,1,1,0,1,0,0,1,3,1,1,1,1,0,1,0,1,Female
28,United States,0,1,1,2.0,2,0,1,1,0,0,0,0,3,1,1,1,0,0,1,0,0,Male
28,Russia,0,0,0,2.0,2,0,1,0,0,0,0,0,2,2,1,0,0,0,1,0,0,Male
35,United States,0,0,1,1.0,1,0,1,0,0,0,0,1,2,0,0,1,2,0,0,0,0,Male
32,Germany,0,0,0,2.0,3,0,1,0,0,0,0,0,0,2,2,1,0,0,0,0,1,Female
31,Italy,1,1,0,0.0,1,0,1,0,0,0,0,0,3,1,1,1,1,0,1,0,0,Male
35,United States,0,0,0,0.0,4,1,1,0,0,0,0,0,2,1,1,1,0,0,0,0,0,Female
26,United States,0,0,0,1.0,5,0,1,1,0,0,0,1,3,0,0,1,2,0,1,0,0,Male
28,United Kingdom,0,1,1,2.0,5,0,1,0,0,0,0,0,2,1,1,1,0,0,1,0,0,Male
27,United States,0,1,1,2.0,2,0,1,1,0,0,0,0,4,0,0,1,1,0,0,1,0,Female
34,United States,0,0,1,2.0,4,0,0,1,1,1,1,1,3,1,0,1,2,0,0,1,0,Female
41,United States,0,0,1,3.0,1,1,1,0,0,0,0,0,0,1,1,1,1,1,1,0,0,Male
37,Ireland,0,0,0,2.0,0,0,1,0,1,0,0,0,0,2,0,0,0,0,2,0,0,Male
32,United Kingdom,0,1,1,2.0,3,1,1,0,0,0,0,0,1,2,1,0,0,0,0,0,1,Male
21,Canada,0,0,1,2.0,1,1,1,0,1,0,0,0,1,0,0,1,1,1,1,1,0,Male
30,United States,0,0,1,3.0,2,0,1,0,1,0,0,1,3,1,0,2,2,0,1,0,0,Male
24,United States,0,0,0,0.0,2,0,1,0,0,0,0,0,2,0,0,1,2,0,0,0,0,Male
37,United Kingdom,0,1,0,2.0,2,0,0,0,0,0,0,0,2,2,1,1,2,0,1,0,0,Male
26,United Kingdom,1,0,1,3.0,0,1,1,0,0,0,0,0,2,2,0,0,0,0,1,0,0,Male
32,United States,0,1,1,2.0,1,0,1,0,0,0,0,0,2,2,1,1,1,0,1,0,1,Female
32,United States,0,0,1,2.0,3,0,0,1,1,0,0,1,4,0,0,2,2,0,2,1,0,Female
27,United States,1,1,1,2.0,0,1,1,0,0,0,0,0,0,0,0,1,0,0,0,0,0,Female
30,Germany,1,0,1,3.0,1,1,1,1,1,0,0,1,0,0,0,1,2,1,2,1,0,Male
29,United States,0,0,1,0.0,4,0,0,1,0,0,0,0,1,1,0,1,0,0,0,0,0,Female
28,United States,0,0,0,1.0,1,0,1,0,0,0,0,0,2,0,0,1,1,0,1,0,0,Male
28,United States,0,0,1,2.0,5,0,1,0,1,0,0,1,0,2,0,0,1,0,0,0,0,Male
23,United States,0,0,0,0.0,2,0,1,0,0,0,0,0,2,0,0,0,2,0,2,1,0,Male
32,United States,0,0,0,1.0,0,1,1,0,1,0,0,0,0,0,0,1,2,0,1,1,0,Male
34,Australia,1,0,0,2.0,0,1,1,0,0,1,1,0,1,2,2,0,0,0,1,1,0,Male
24,United States,0,0,0,0.0,1,0,1,1,0,0,0,0,4,1,0,1,0,1,1,1,0,Male
26,United Kingdom,1,0,1,2.0,0,0,1,0,1,0,0,0,2,1,0,1,1,0,1,1,0,Male
36,United States,0,0,1,2.0,2,0,1,1,0,0,1,0,2,1,0,1,1,0,1,0,1,Male
41,United States,0,0,1,1.0,4,1,1,1,1,0,0,0,2,1,1,1,0,1,1,0,0,Male
38,United Kingdom,0,0,1,2.0,5,0,0,0,0,0,0,0,0,2,0,0,0,0,1,0,0,Male
38,United States,0,0,0,2.0,2,1,1,0,0,0,0,0,2,1,1,1,2,0,1,0,0,Male
25,United Kingdom,0,0,0,0.0,2,0,1,0,0,0,0,0,1,2,1,0,0,0,1,0,0,Male
37,Canada,0,1,1,3.0,2,0,1,1,1,0,0,0,2,1,0,1,1,0,2,0,0,Male
37,United States,0,1,1,2.0,5,0,0,1,1,1,1,1,3,0,0,1,1,0,1,1,0,Female
28,Canada,0,1,1,2.0,1,0,0,1,1,1,1,1,2,0,0,1,2,0,0,0,1,Female
34,United States,0,1,1,2.0,0,0,1,0,0,0,0,0,1,1,0,1,1,0,1,0,1,Male
33,United States,0,1,1,2.0,2,0,1,1,1,1,1,1,3,0,0,1,2,0,0,0,0,Male
27,United States,0,0,0,0.0,5,1,1,1,1,0,0,1,3,0,0,1,2,1,1,1,0,Male
40,United States,0,0,1,2.0,5,1,1,1,1,1,1,1,2,2,1,0,0,0,1,0,1,Male
21,United States,0,0,1,3.0,1,0,0,0,0,0,0,0,2,1,0,0,0,0,1,0,0,Male
32,United States,0,1,1,2.0,0,1,1,0,0,0,0,0,2,1,0,2,2,0,2,0,0,Male
29,United States,0,1,1,1.0,4,1,0,1,1,1,0,1,2,1,0,1,0,1,2,0,0,Female
23,United States,0,1,1,2.0,2,1,0,0,0,0,0,1,3,1,0,1,1,0,2,1,0,Male
31,United States,0,1,1,1.0,3,1,1,1,1,1,0,1,4,0,0,1,2,0,1,1,0,Male
24,United States,0,0,0,2.0,1,0,1,0,0,0,0,0,2,0,0,2,2,1,1,0,0,Male
29,Canada,0,0,0,3.0,1,0,1,0,0,0,0,0,1,2,0,0,0,0,1,0,0,Male
23,United Kingdom,0,0,1,2.0,1,0,1,0,0,0,0,0,2,1,1,1,1,0,1,1,0,Female
42,United States,0,0,0,0.0,1,1,1,0,1,0,1,0,3,0,0,1,2,0,0,1,0,Male
25,Australia,0,1,1,3.0,1,0,1,0,1,0,0,0,0,2,1,0,0,0,2,0,1,Male
27,United States,0,0,1,1.0,1,0,1,1,0,0,0,1,2,1,1,2,0,0,1,0,0,Female
27,Canada,0,0,0,2.0,1,1,1,0,1,0,0,0,0,2,2,1,1,0,1,0,0,Male
30,United States,0,0,1,2.0,3,1,1,1,1,0,1,1,2,0,0,2,2,1,0,1,0,Male
29,Poland,0,1,1,1.0,1,0,1,0,1,0,0,1,0,1,0,1,1,0,2,0,0,Male
41,United States,0,0,1,2.0,2,1,1,1,1,0,0,0,4,0,0,2,2,2,2,1,0,Male
32,United Kingdom,1,1,1,2.0,0,1,1,0,0,0,0,0,4,1,1,2,1,1,1,0,1,Male
37,United States,0,1,1,3.0,2,0,1,1,1,0,0,1,2,1,0,1,1,0,2,0,0,Female
32,United States,0,0,0,0.0,1,1,1,0,0,0,0,0,4,0,0,2,2,0,0,0,0,Male
30,Ireland,1,0,0,2.0,0,1,1,0,0,0,0,0,1,0,0,1,1,0,1,0,0,Male
23,United States,0,1,1,0.0,3,0,0,1,0,0,0,1,2,0,0,1,2,1,1,1,0,Female
34,United Kingdom,0,0,0,2.0,2,0,1,0,1,0,0,0,3,1,1,2,1,0,0,0,0,Male
38,United States,0,0,1,1.0,2,1,1,1,0,0,0,0,2,2,0,0,0,0,1,0,0,Male
28,Colombia,0,0,0,2.0,1,0,1,0,1,0,0,0,3,1,1,0,1,0,0,0,0,Male
28,United States,0,0,1,1.0,3,0,0,1,1,1,0,0,4,1,0,1,1,0,0,1,0,Male
23,United States,0,1,0,2.0,3,0,1,0,0,0,0,0,2,1,0,1,0,0,1,0,0,Male
22,Australia,1,1,1,2.0,1,1,1,0,0,1,1,0,3,1,0,1,2,0,2,0,1,Male
27,Portugal,0,0,0,0.0,1,0,1,0,0,0,0,1,2,2,0,0,0,0,1,0,0,Male
18,United States,0,0,1,2.0,1,0,1,0,0,0,0,0,2,2,0,0,0,0,1,0,0,Male
35,United States,0,1,1,2.0,2,0,1,1,1,0,0,1,1,2,0,0,1,0,1,0,0,Male
27,United Kingdom,0,1,1,2.0,1,0,1,0,0,0,0,1,3,1,1,2,2,2,2,1,0,Male
26,United States,0,1,1,1.0,5,0,1,1,0,0,0,0,2,1,0,1,1,0,0,0,0,Female
18,United States,0,0,0,0.0,2,0,1,0,0,0,0,0,4,0,0,1,1,0,1,1,0,Male
38,United States,0,0,1,2.0,0,0,1,0,1,0,0,0,2,0,1,1,0,0,0,0,1,Female
26,United States,0,1,1,1.0,5,1,1,1,1,1,0,0,3,1,0,1,0,0,0,0,0,Female
30,Switzerland,1,0,0,0.0,0,0,1,0,0,0,0,0,3,0,0,2,2,0,0,1,0,Male
35,United States,0,0,0,0.0,5,0,1,0,0,0,0,0,2,2,1,1,1,0,0,0,0,Male
45,United States,0,1,1,2.0,5,0,1,1,1,0,0,1,2,1,0,1,1,0,1,0,0,Male
32,United States,0,0,0,0.0,5,0,1,1,0,0,0,0,2,1,0,1,1,0,0,0,0,Male
56,United States,0,0,1,0.0,5,0,1,1,0,0,0,0,2,0,1,2,1,0,1,0,0,Male
30,United States,0,1,1,2.0,2,0,1,1,1,1,0,0,4,0,0,2,2,0,2,1,0,Female
33,United States,0,1,1,2.0,5,0,1,1,0,1,1,0,2,2,0,0,0,0,1,0,0,Male
37,United States,0,0,0,0.0,5,0,1,1,1,1,1,0,2,0,0,1,2,1,1,0,0,Male
23,United States,0,0,1,2.0,5,0,1,1,1,1,1,0,2,0,0,1,1,0,0,1,0,Female
31,United States,0,0,1,2.0,5,0,1,1,0,0,0,1,3,0,0,2,2,0,0,1,0,Female
26,United States,0,0,0,1.0,3,0,1,1,0,0,0,0,2,0,0,1,2,0,1,0,0,Male
28,United States,0,1,1,3.0,3,1,0,1,1,1,1,1,3,2,0,1,2,0,0,1,0,Female
37,United States,0,0,1,1.0,5,0,1,1,1,0,1,0,3,0,0,1,2,0,0,1,0,Female
26,Canada,0,1,1,3.0,1,0,1,1,0,0,0,0,2,1,0,1,1,1,1,1,0,Male
30,United States,0,1,1,1.0,2,0,1,1,0,0,0,0,3,1,0,1,2,0,0,0,0,Other
27,United States,0,0,0,2.0,3,0,1,1,0,1,1,0,2,1,0,1,2,0,1,0,0,Male
25,Canada,0,0,1,3.0,1,1,0,0,0,0,0,0,1,2,1,0,0,0,1,0,0,Male
35,United States,0,0,1,1.0,3,0,1,1,0,0,1,0,2,0,0,1,2,0,0,0,0,Male
36,United States,1,0,1,0.0,0,0,1,0,1,0,0,0,3,1,0,1,2,0,0,1,0,Male
26,United States,0,1,1,2.0,5,0,1,1,0,0,0,0,2,2,0,0,0,0,0,0,0,Male
25,United States,0,0,0,0.0,5,0,0,1,1,1,1,1,4,0,0,1,2,1,1,1,0,Male
22,United States,0,1,1,3.0,5,0,1,1,1,1,1,1,3,1,0,0,1,0,0,1,1,Female
41,United States,0,1,1,1.0,3,1,1,1,1,0,1,1,3,0,0,1,2,1,1,1,0,Male
29,United States,0,0,1,2.0,5,0,1,1,0,0,0,0,2,2,0,1,1,0,1,0,0,Male
32,United States,0,0,0,0.0,4,0,1,1,0,0,1,1,3,0,0,1,2,1,1,1,0,Male
24,United States,0,1,1,2.0,5,0,1,1,1,0,1,1,2,1,0,1,0,0,1,0,0,Female
25,United States,0,0,1,1.0,1,0,1,1,0,0,0,0,2,1,0,0,0,0,0,0,0,Male
30,United States,0,0,0,0.0,5,0,1,1,1,1,1,1,3,1,1,0,1,0,0,0,0,Female
25,United States,0,1,1,2.0,5,0,1,0,0,0,1,0,2,0,0,2,2,0,0,1,0,Male
30,United States,1,0,0,0.0,0,1,1,0,1,0,0,0,2,1,0,1,1,0,1,0,0,Male
33,Germany,1,1,1,1.0,0,0,0,0,0,0,0,0,1,2,2,0,0,1,0,1,1,Male
25,Canada,0,1,1,2.0,5,0,1,1,1,0,0,0,2,2,1,1,0,0,0,0,0,Male
45,Ireland,1,0,1,3.0,0,0,1,0,0,0,0,0,0,0,0,0,0,0,0,0,0,Male
46,United States,0,0,0,0.0,2,0,1,1,0,1,0,0,4,0,0,1,1,1,1,0,0,Male
30,United Kingdom,0,0,1,2.0,2,0,1,0,0,0,0,0,2,2,1,0,0,0,1,0,0,Male
29,United States,1,0,0,2.0,5,0,1,1,0,0,0,0,4,1,1,1,1,0,0,0,0,Female
33,United States,0,1,0,2.0,2,1,1,0,1,0,0,0,0,2,1,1,1,0,1,0,0,Female
27,United States,0,0,0,2.0,5,0,1,0,0,0,0,0,4,2,0,0,0,0,1,0,0,Male
33,United Kingdom,0,0,0,1.0,0,1,1,0,0,0,0,0,2,2,1,0,0,0,1,0,0,Male
25,United States,0,1,1,2.0,2,0,1,1,1,0,0,1,2,0,0,1,2,0,0,0,0,Female
23,United States,0,1,1,2.0,3,0,0,0,0,0,0,0,2,0,0,2,2,1,2,0,0,Male
54,United States,0,1,1,0.0,5,0,1,0,0,1,1,0,2,0,0,0,2,0,0,0,0,Male
22,United States,0,0,0,2.0,5,0,1,0,0,0,0,0,2,1,0,1,0,0,1,0,0,Male
25,United States,0,1,1,2.0,5,0,1,1,1,0,0,0,2,1,0,1,1,0,0,1,0,Other
29,Belgium,0,0,0,3.0,1,0,0,0,0,0,0,0,2,1,0,2,2,1,1,0,0,Male
27,United States,0,0,1,2.0,5,0,1,1,1,1,1,1,2,0,0,0,0,0,2,1,0,Male
30,United Kingdom,0,0,0,0.0,1,0,1,0,0,0,0,0,4,0,0,1,2,0,1,1,0,Male
26,United States,0,1,1,3.0,5,0,1,1,0,0,1,0,2,1,0,1,0,0,0,0,0,Male
25,Sweden,0,1,0,2.0,1,0,1,1,1,1,0,0,3,0,0,1,2,0,0,0,0,Female
31,United States,0,0,1,2.0,4,0,0,0,1,0,0,1,2,0,0,1,0,0,0,0,0,Male
33,United States,0,1,1,2.0,2,0,1,0,0,0,0,0,2,1,0,1,1,0,0,0,0,Male
34,United States,0,1,1,2.0,5,0,1,1,1,0,1,1,2,1,1,0,0,0,0,0,0,Male
34,United States,0,0,1,2.0,3,1,1,0,0,0,0,0,3,2,2,1,1,0,1,0,0,Male
34,Germany,1,1,1,1.0,2,1,1,0,0,0,0,0,1,0,0,2,2,0,1,1,0,Male
26,United States,1,1,1,1.0,3,1,0,0,0,0,0,0,2,1,0,1,2,0,2,0,0,Male
32,United States,0,1,1,1.0,5,0,0,1,1,1,1,1,2,0,0,1,2,0,2,1,0,Male
31,United States,0,0,1,3.0,1,1,1,1,1,0,0,0,2,1,0,1,0,0,0,0,0,Male
28,United States,0,1,1,2.0,5,0,1,0,0,0,0,0,1,1,1,0,0,0,0,0,0,Male
36,United States,0,1,1,3.0,3,0,1,0,1,0,0,1,4,0,0,1,1,0,0,0,0,Male
21,United States,0,1,1,1.0,3,0,1,1,0,0,0,1,2,0,0,2,2,1,1,0,0,Male
21,United Kingdom,0,0,1,2.0,1,0,0,0,0,0,0,0,4,2,0,1,0,0,1,0,0,Male
41,United States,0,1,1,3.0,5,0,1,1,0,1,1,0,1,1,0,2,1,0,1,0,1,Male
55,United States,0,1,1,1.0,5,0,1,1,1,1,1,1,4,0,0,2,2,0,0,1,0,Male
32,United States,0,0,1,2.0,2,0,1,1,1,1,1,1,3,1,0,1,2,0,1,1,0,Female
21,United States,0,1,1,1.0,2,0,1,0,0,0,0,0,3,2,0,1,0,0,2,0,0,Female
45,United States,0,0,1,0.0,2,1,1,1,1,0,0,0,2,1,0,0,1,0,1,0,0,Male
27,United States,0,0,1,1.0,5,0,1,1,1,0,0,1,2,2,1,0,0,0,0,0,0,Female
25,United States,0,1,1,2.0,2,1,1,0,0,0,0,0,2,1,0,1,2,0,0,1,0,Female
34,United States,0,1,1,1.0,5,0,0,1,1,1,1,1,0,1,1,1,1,0,0,1,0,Female
26,United States,0,1,1,0.0,5,0,1,1,1,0,1,1,2,1,0,0,0,0,0,0,0,Female
41,Canada,0,0,1,0.0,4,0,1,1,0,0,0,0,3,0,0,1,1,0,0,0,0,Male
27,United States,0,0,1,1.0,5,0,1,1,0,1,1,1,2,0,0,1,2,0,1,1,0,Male
31,United States,0,1,1,2.0,2,1,1,1,0,0,0,0,2,0,0,2,2,0,0,0,0,Male
25,Germany,0,1,1,3.0,2,1,1,0,0,0,0,1,3,0,0,2,2,0,2,0,0,Male
26,United States,0,0,1,2.0,1,0,1,0,0,0,0,0,2,2,2,1,0,0,0,0,0,Male
27,United States,0,1,1,1.0,5,1,1,1,1,0,0,0,2,1,1,0,2,0,0,0,0,Female
42,New Zealand,0,0,0,0.0,4,0,1,0,0,0,0,0,2,0,0,1,2,1,1,0,0,Male
29,United States,1,1,1,2.0,0,1,1,1,1,0,0,0,0,2,0,1,0,0,1,0,0,Other
25,United States,0,0,1,2.0,1,0,1,0,0,0,0,0,1,2,0,1,0,0,1,0,0,Female
33,Sweden,0,1,1,1.0,5,0,1,1,1,0,1,1,2,1,0,1,0,0,2,0,0,Female
31,Zimbabwe,1,1,1,3.0,0,0,1,0,1,0,0,0,0,2,2,0,0,2,0,0,1,Other
40,United States,0,1,1,1.0,5,0,0,1,0,0,0,0,3,1,1,0,0,0,0,0,0,Female
31,United States,0,0,0,0.0,5,0,1,0,0,0,0,0,3,2,0,1,0,0,0,0,0,Male
26,Canada,0,1,1,3.0,2,1,1,0,0,0,0,0,4,0,0,2,2,0,0,1,0,Male
29,United States,0,0,0,0.0,5,0,0,1,0,0,0,0,2,1,0,1,1,0,0,0,0,Male
35,United Kingdom,0,0,0,2.0,1,0,1,0,0,0,0,0,0,1,1,1,2,0,1,0,1,Male
32,United States,0,0,0,0.0,3,0,1,0,0,0,0,0,2,1,0,0,1,0,1,0,0,Female
29,Canada,0,0,1,2.0,3,0,1,0,0,0,0,1,3,1,0,1,1,0,1,1,0,Male
26,United States,0,1,1,3.0,1,0,1,1,1,0,0,0,1,1,0,1,2,0,0,0,0,Male
28,United States,0,1,1,2.0,2,0,1,1,1,0,0,0,2,1,0,1,0,0,1,0,0,Male
35,United States,0,1,1,2.0,3,0,1,1,1,0,0,0,0,1,1,1,1,0,1,0,1,Male
29,Germany,0,1,1,2.0,2,0,1,0,0,0,0,0,4,1,0,1,1,1,1,0,0,Male
33,United States,0,1,1,0.0,2,1,1,1,1,1,1,0,2,2,1,2,1,0,0,1,0,Male
22,Brazil,1,0,0,0.0,1,1,1,0,0,0,0,0,3,0,0,2,2,1,0,0,0,Male
33,United States,0,1,1,3.0,5,1,1,1,1,0,0,0,3,2,0,0,0,0,0,0,0,Male
31,United States,0,1,1,1.0,5,0,0,0,0,0,0,0,0,2,1,0,0,0,1,0,0,Female
21,United States,0,1,0,0.0,5,0,1,0,0,0,0,0,2,0,0,1,1,0,1,0,1,Male
31,United Kingdom,0,1,1,2.0,5,0,1,0,0,0,0,0,2,2,1,0,0,0,2,1,0,Other
26,United States,0,0,1,2.0,3,1,1,0,0,0,0,0,1,0,0,1,1,0,0,1,0,Female
30,United States,0,1,0,3.0,1,0,1,0,0,0,0,0,3,1,0,1,2,0,0,0,0,Male
30,Germany,0,1,1,2.0,3,0,1,0,0,0,0,0,1,0,0,2,2,1,1,0,0,Other
34,Finland,0,0,0,0.0,1,0,1,0,0,0,0,0,3,0,0,2,2,0,1,0,0,Male
55,United States,0,1,1,2.0,0,1,1,0,1,0,0,0,2,2,1,0,0,0,0,0,1,Male
28,Germany,0,1,1,1.0,0,1,1,1,0,0,0,1,4,0,0,2,2,0,0,1,0,Male
28,New Zealand,0,1,1,2.0,1,1,1,1,1,1,0,0,4,0,0,2,2,2,2,1,0,Male
32,United Kingdom,0,1,1,2.0,1,0,1,0,0,0,0,0,3,0,0,1,2,0,0,0,0,Male
28,United States,0,0,1,1.0,5,0,0,1,1,0,0,0,2,1,0,0,0,0,0,0,0,Female
21,United States,0,0,0,2.0,1,0,0,0,0,0,1,1,2,0,0,1,1,1,1,1,0,Male
24,United States,0,1,1,2.0,3,0,1,0,1,0,0,0,1,2,0,1,1,0,1,0,1,Male
28,Canada,1,0,0,0.0,3,1,1,0,0,0,0,0,3,1,0,1,2,0,0,1,0,Male
24,United States,0,1,1,1.0,1,0,1,0,0,0,0,0,4,2,0,0,1,0,2,1,0,Female
33,United States,1,0,1,3.0,0,1,1,0,0,0,0,1,3,2,1,1,1,2,2,0,0,Male
34,United States,0,0,0,2.0,2,0,1,0,0,0,0,0,2,1,0,2,2,0,1,0,0,Male
27,United States,0,0,1,2.0,2,0,1,0,0,0,0,0,1,1,1,1,1,0,0,0,0,Female
28,United States,0,0,0,0.0,1,0,1,0,0,0,0,0,2,0,0,1,2,0,0,0,0,Male
23,United States,0,0,1,2.0,2,0,1,1,1,0,0,0,2,1,0,1,0,0,1,0,0,Female
29,United States,0,1,1,1.0,0,1,1,1,1,1,1,1,3,0,0,2,2,1,1,1,0,Male
26,United Kingdom,0,1,0,2.0,1,0,1,0,0,0,0,0,2,1,1,0,0,0,1,0,0,Male
36,United States,0,0,0,1.0,5,1,1,1,0,1,0,0,3,1,0,0,0,0,0,0,0,Male
41,United States,0,0,1,2.0,5,0,1,1,1,1,1,1,2,1,0,1,2,1,2,1,1,Male
23,Canada,0,1,1,2.0,1,0,1,1,1,0,0,1,4,0,0,2,2,0,0,1,0,Male
39,United States,0,1,0,3.0,5,0,1,1,0,0,0,0,2,2,0,1,1,0,1,0,1,Male
26,United States,0,0,1,2.0,3,0,1,1,1,0,0,0,1,2,1,1,1,0,0,0,1,Female
24,United States,0,0,1,1.0,2,0,1,1,1,1,0,0,2,0,0,1,2,0,0,0,0,Male
37,Canada,0,1,1,1.0,5,0,0,1,1,1,1,0,2,1,1,1,1,0,0,0,0,Male
43,United States,1,1,1,3.0,1,1,1,1,1,0,0,1,4,0,0,2,2,1,1,1,0,Male
40,United States,0,1,0,0.0,5,0,1,1,1,1,0,1,2,2,1,0,1,0,1,1,0,Other
30,United States,0,1,1,3.0,5,0,1,1,1,1,0,0,0,2,0,1,0,0,0,0,1,Male
34,United States,0,0,1,2.0,1,0,1,0,0,0,0,0,2,2,2,1,0,0,0,0,0,Male
27,United States,0,1,1,2.0,3,0,1,0,0,0,0,0,2,2,0,0,0,0,2,0,0,Male
36,United States,0,0,0,2.0,5,0,1,0,0,0,0,1,3,0,0,2,2,1,2,0,0,Male
27,Brazil,0,0,0,1.0,1,0,1,0,1,0,0,0,3,1,0,1,1,0,1,0,0,Male
35,Netherlands,0,1,0,0.0,3,0,1,1,0,0,0,1,2,2,0,0,0,0,1,0,0,Male
32,United Kingdom,0,0,0,0.0,1,0,1,0,0,0,0,0,2,1,0,1,0,0,2,1,0,Male
33,United States,0,0,0,0.0,4,0,1,1,0,1,1,0,4,1,0,1,2,0,0,1,0,Female
28,United States,0,0,0,2.0,1,1,1,0,1,0,0,0,3,2,1,1,0,0,0,0,0,Male
26,United States,0,1,0,0.0,2,0,1,0,0,0,0,0,1,1,1,1,0,0,1,0,0,Female
27,United States,0,1,1,2.0,1,1,1,0,0,1,0,0,3,2,0,1,2,0,1,1,0,Male
38,United Kingdom,1,0,1,2.0,2,1,1,0,0,0,0,1,3,1,1,1,2,0,1,1,0,Male
57,United States,0,1,1,1.0,5,0,1,1,1,0,0,0,2,1,0,1,2,0,1,0,0,Male
28,United Kingdom,0,0,1,2.0,5,0,1,0,0,0,0,0,0,2,1,0,1,0,1,0,0,Male
26,France,0,0,0,0.0,1,0,1,0,1,0,0,0,2,1,0,2,2,1,1,0,0,Male
42,Netherlands,0,0,1,1.0,3,1,1,1,1,0,0,1,2,2,0,1,0,0,1,0,0,Female
31,United States,0,0,1,2.0,3,1,1,1,1,1,1,1,4,0,0,1,2,0,0,1,0,Male
58,United States,0,0,1,1.0,5,0,1,1,1,1,1,1,3,1,0,1,2,0,2,1,0,Male
29,United States,0,0,0,2.0,1,0,1,0,0,0,0,0,0,2,0,0,0,0,1,0,0,Male
39,United Kingdom,0,0,1,2.0,5,0,1,1,1,0,1,0,2,2,0,1,1,0,1,0,1,Female
34,United States,0,0,0,2.0,1,1,1,0,0,0,0,0,0,1,0,1,2,0,1,0,0,Male
57,United States,0,0,1,2.0,5,0,1,1,0,1,1,0,2,1,1,0,0,0,1,0,0,Male
27,Germany,0,1,1,2.0,1,0,1,0,0,0,0,0,1,2,1,1,0,0,0,0,1,Male
23,Germany,1,1,1,3.0,2,1,1,0,0,0,0,0,2,0,1,2,2,1,2,0,0,Male
23,United States,0,0,0,0.0,2,0,0,0,0,0,0,0,2,0,0,2,2,1,2,1,0,Male
43,United States,0,0,1,2.0,5,0,1,1,1,1,1,1,3,2,1,0,0,0,2,0,0,Male
18,United Kingdom,0,1,1,2.0,0,1,1,0,0,0,0,0,2,1,1,1,1,1,1,0,0,Female
29,United States,0,0,1,1.0,1,0,1,1,1,0,0,0,2,1,0,1,0,0,1,0,0,Male
48,United States,0,0,0,0.0,1,0,1,0,0,0,0,0,2,1,0,0,0,0,1,0,0,Male
43,Germany,0,0,1,2.0,2,0,0,0,1,0,0,0,3,1,0,1,1,0,2,0,1,Male
28,United States,0,1,1,2.0,2,0,1,0,0,0,0,0,2,2,1,1,0,0,1,0,0,Female
30,United States,1,1,1,3.0,0,1,1,0,1,0,0,1,4,0,0,2,2,0,0,1,0,Male
26,Israel,0,0,0,2.0,1,0,1,0,0,0,0,1,4,1,0,1,2,0,1,1,0,Male
33,Italy,0,0,0,0.0,1,0,0,0,0,0,0,0,2,1,1,1,1,0,0,0,0,Male
30,United States,0,0,0,1.0,3,0,0,0,0,0,0,0,2,0,0,1,1,0,0,0,0,Male
24,United States,1,1,1,2.0,0,1,1,0,0,0,0,0,2,0,0,1,1,0,0,0,1,Female
23,United States,0,1,1,3.0,5,0,1,1,0,0,0,0,2,1,0,1,1,0,0,1,1,Female
36,United States,0,0,1,2.0,5,0,0,1,0,0,0,0,1,2,1,1,0,0,0,0,1,Male
25,United States,1,1,1,3.0,0,1,1,0,0,0,0,1,1,2,0,1,0,0,1,0,1,Female
54,United Kingdom,0,0,1,2.0,5,1,0,0,1,1,1,1,4,0,0,2,2,1,1,0,0,Male
34,Netherlands,0,0,0,1.0,1,0,1,0,0,0,0,0,3,0,0,1,1,0,1,1,0,Male
25,Germany,0,0,0,0.0,5,0,0,0,0,0,1,0,2,0,0,2,2,0,2,0,0,Male
35,United States,0,0,1,2.0,3,0,1,0,1,0,0,0,2,2,1,0,0,0,1,0,0,Female
46,United States,0,0,1,2.0,5,0,1,1,1,1,1,0,2,1,0,1,0,0,0,1,0,Male
42,United States,0,0,0,0.0,3,0,0,1,0,1,0,0,0,1,0,2,2,1,2,0,0,Male
32,United Kingdom,0,1,1,2.0,1,1,1,1,0,0,0,0,2,0,0,2,2,1,1,1,0,Male
47,United States,0,1,1,2.0,5,0,1,1,1,1,1,0,4,0,0,1,2,0,2,1,0,Male
33,United States,0,0,1,2.0,4,1,1,1,1,1,1,0,4,0,0,1,1,0,0,0,0,Female
25,United States,0,0,0,2.0,1,0,1,0,0,0,0,0,3,1,0,1,0,0,0,1,0,Female
39,United States,0,0,0,0.0,2,0,1,1,1,1,1,1,4,0,0,2,2,0,0,1,0,Male
38,United States,0,1,1,2.0,5,0,1,1,0,1,1,1,2,2,0,0,0,0,0,0,0,Male
46,United States,0,0,1,1.0,4,1,1,1,0,1,1,1,2,0,0,1,2,0,1,1,0,Male
38,United States,0,1,1,2.0,5,0,0,1,1,1,1,1,4,1,0,2,2,0,0,0,1,Female
33,Germany,0,0,1,2.0,1,0,1,1,1,0,0,1,4,2,2,1,1,0,1,0,0,Male
34,United Kingdom,0,1,1,3.0,2,0,1,0,1,0,0,1,4,1,1,2,2,0,0,0,0,Male
62,United States,0,0,0,0.0,5,0,1,1,1,0,1,0,2,1,0,1,2,1,1,1,0,Male
25,Bosnia and Herzegovina,0,1,0,1.0,2,1,1,0,0,0,0,0,2,1,2,0,0,0,0,0,1,Male
36,United States,1,1,1,2.0,0,1,1,0,1,0,0,1,1,1,0,1,2,0,2,1,0,Male
41,United States,0,1,1,1.0,4,1,1,1,1,1,1,1,4,1,1,1,1,0,0,1,0,Female
24,Austria,1,0,0,2.0,0,0,1,1,1,0,0,1,3,0,0,1,1,1,1,1,0,Male
51,New Zealand,0,0,1,2.0,2,1,1,0,1,1,0,0,1,2,2,0,0,0,0,0,1,Male
29,United States,0,0,1,2.0,1,0,1,1,1,0,1,1,4,0,0,0,1,0,0,1,0,Male
31,Canada,1,1,1,2.0,3,1,1,0,0,0,0,0,2,1,1,1,2,0,0,1,0,Female
31,Australia,0,0,1,1.0,3,0,1,1,1,1,1,0,3,0,0,2,2,2,2,0,0,Male
27,Hungary,1,1,0,2.0,0,1,1,0,0,0,0,0,0,2,1,0,0,0,1,0,0,Female
23,Sweden,0,0,0,1.0,1,0,1,0,0,0,0,0,4,0,0,1,2,1,1,1,0,Male
21,Canada,0,0,0,0.0,2,0,1,0,0,0,0,0,2,2,1,0,0,0,1,0,0,Male
27,Australia,0,1,1,2.0,1,0,1,0,1,0,0,0,1,2,0,1,1,0,0,0,0,Female
39,United States,0,1,1,3.0,2,1,1,1,1,1,1,0,3,2,0,1,2,0,0,0,0,Male
26,United States,0,1,1,0.0,5,0,1,0,0,0,0,0,2,1,0,0,0,0,0,0,0,Male
27,United Kingdom,0,0,0,0.0,1,0,1,0,0,0,0,0,2,1,1,1,1,0,0,0,0,Male
22,United States,0,1,1,2.0,4,0,1,1,1,0,0,0,2,0,0,1,1,0,0,0,1,Female
26,United States,0,1,1,3.0,3,0,0,0,0,0,0,0,1,1,0,0,0,0,1,0,0,Female
31,United States,0,1,1,1.0,3,0,1,1,1,0,0,1,3,0,0,2,2,0,0,1,0,Female
32,United Kingdom,0,0,0,0.0,1,0,1,0,0,0,0,0,2,0,0,2,2,2,2,1,0,Male
28,United States,0,1,1,3.0,3,1,1,1,0,0,0,0,2,2,2,1,1,0,0,0,1,Female
28,United Kingdom,0,1,1,1.0,3,0,1,0,0,0,0,1,1,2,2,1,1,2,0,0,1,Other
30,United Kingdom,0,0,0,0.0,2,1,1,0,0,0,0,0,4,0,0,2,2,1,1,1,0,Male
36,United States,0,1,1,2.0,5,0,1,1,0,0,1,0,1,2,0,1,2,0,2,0,0,Male
30,Germany,0,0,0,3.0,2,0,1,0,0,0,0,0,3,1,0,1,1,1,2,0,0,Male
32,New Zealand,0,0,1,2.0,1,0,1,0,0,0,0,0,4,0,0,1,2,1,2,0,0,Male
29,Canada,0,0,1,2.0,0,0,1,0,0,0,0,0,2,1,0,1,1,0,0,1,0,Female
21,United Kingdom,0,0,1,2.0,2,0,1,0,1,1,0,1,3,1,0,1,1,0,0,1,0,Other
27,New Zealand,0,1,1,1.0,3,1,1,0,0,0,0,0,3,1,1,1,1,0,2,0,0,Female
32,Canada,0,0,1,3.0,5,0,0,0,0,0,0,0,2,1,0,1,1,0,0,0,0,Female
34,Australia,0,0,0,2.0,5,0,1,1,1,1,1,1,4,0,0,1,2,0,1,1,0,Male
22,Netherlands,0,1,1,2.0,1,1,1,0,0,0,0,0,3,0,0,1,2,1,2,1,0,Male
27,United States,0,1,1,2.0,3,1,1,0,0,0,0,0,2,0,0,1,0,0,0,1,0,Male
33,Australia,0,0,0,0.0,5,0,1,0,0,0,0,1,4,0,0,1,2,1,2,1,0,Male
36,United States,0,0,1,1.0,2,0,1,0,0,0,0,0,2,0,0,1,1,0,0,0,0,Male
40,Canada,0,0,0,0.0,2,0,1,0,0,0,0,0,1,0,0,1,1,0,0,0,0,Male
28,United States,0,0,1,2.0,5,0,1,1,1,0,0,1,1,1,0,1,0,0,1,0,0,Male
39,United States,0,0,1,2.0,4,0,1,1,0,1,0,1,2,2,1,2,2,0,1,0,0,Male
32,United States,0,0,1,2.0,5,0,1,1,0,0,1,0,3,0,0,2,1,1,2,0,0,Male
31,United States,0,1,0,2.0,5,0,1,1,0,0,0,0,3,1,0,0,1,0,2,0,0,Male
38,United States,0,1,1,2.0,3,0,1,0,0,0,0,0,2,1,1,1,0,0,0,0,0,Male
23,United States,0,1,1,1.0,0,0,1,0,1,0,0,0,2,1,0,1,2,0,0,1,0,Male
42,United States,0,0,1,3.0,5,0,1,1,1,1,1,1,3,1,1,2,2,1,1,0,0,Male
27,United States,0,0,0,2.0,4,0,1,0,0,0,1,0,2,0,0,1,2,0,0,1,0,Female
26,United States,0,1,1,2.0,2,0,1,1,1,0,0,1,1,0,0,2,2,0,0,0,1,Female
50,United States,0,0,0,0.0,2,1,1,0,1,0,0,0,2,0,0,0,0,0,1,0,0,Male
37,United States,0,1,0,0.0,2,0,1,0,0,0,0,0,3,0,0,2,2,0,0,1,0,Male
33,United States,0,1,0,2.0,1,1,1,0,0,0,0,1,4,0,0,1,2,0,0,1,0,Male
29,Canada,1,0,0,0.0,2,1,1,1,1,0,0,1,0,2,0,1,0,0,2,0,0,Male
34,United States,0,1,1,2.0,2,1,0,1,0,0,0,0,2,1,0,1,1,0,1,0,0,Male
41,United States,0,1,1,3.0,5,0,1,1,0,0,0,0,2,1,1,1,1,0,0,0,1,Male
29,Canada,0,0,1,0.0,5,0,0,1,0,1,1,1,1,1,0,1,0,0,1,0,1,Male
35,United States,0,0,0,0.0,1,0,1,0,1,0,0,1,4,0,0,1,2,1,1,1,0,Male
27,Singapore,0,0,0,2.0,0,1,1,0,0,0,0,1,2,2,0,1,2,0,0,0,0,Male
40,United States,0,0,0,0.0,2,0,0,0,0,0,0,0,3,1,1,2,2,1,1,0,0,Female
27,Australia,0,0,1,3.0,3,1,1,0,0,0,0,0,2,1,0,1,0,0,1,0,1,Male
29,United States,0,0,0,0.0,2,0,1,1,1,1,0,1,2,1,0,1,1,0,1,0,1,Female
31,United States,0,1,1,2.0,1,0,1,0,0,0,0,0,3,1,0,2,2,0,1,0,0,Male
43,United States,0,0,1,2.0,1,0,1,0,1,0,0,0,3,0,0,2,2,0,1,0,0,Male
34,United States,0,1,1,2.0,2,1,1,1,1,0,0,0,2,1,0,1,1,0,2,0,1,Male
29,United States,0,1,1,2.0,2,0,1,0,0,0,0,0,1,2,0,1,1,0,1,0,0,Male
19,Canada,0,1,1,2.0,0,0,1,0,0,0,0,0,2,1,1,1,0,0,1,0,0,Male
41,United States,0,1,1,2.0,5,0,1,1,0,1,1,0,2,1,0,1,1,0,0,0,0,Male
29,United States,0,1,0,0.0,3,0,1,1,1,1,1,0,2,0,0,1,2,0,1,1,0,Male
23,United States,0,0,0,1.0,3,0,1,1,0,0,0,0,2,0,0,1,1,0,0,1,0,Male
24,United States,0,1,1,2.0,3,0,1,1,0,0,0,0,1,2,1,0,0,0,0,0,1,Female
31,United States,0,1,1,1.0,3,0,1,0,0,0,0,0,1,2,2,1,0,0,0,0,1,Male
29,United States,0,1,0,3.0,3,0,1,1,1,1,1,0,2,0,0,1,2,0,0,0,0,Male
33,United States,0,1,1,2.0,3,0,0,1,0,0,0,1,1,2,2,0,0,0,0,0,0,Male
30,United States,1,1,1,3.0,0,1,0,0,1,0,1,1,1,0,0,2,2,0,0,1,0,Female
32,United States,0,0,0,2.0,3,0,1,0,1,0,0,0,2,1,1,1,1,0,0,0,0,Male
50,United States,0,0,0,2.0,0,1,1,0,0,0,0,0,2,2,1,1,1,0,1,0,0,Male
24,United States,0,0,0,0.0,2,0,0,0,0,0,0,0,2,1,2,1,0,0,1,0,0,Male
27,Australia,0,0,0,0.0,0,1,1,0,0,0,0,0,2,2,0,0,0,0,1,0,0,Male
32,United States,0,0,1,2.0,1,0,1,0,1,0,0,1,3,0,0,1,2,1,1,1,0,Male
42,United States,1,0,0,1.0,1,1,0,0,1,0,0,0,4,0,0,1,2,1,1,1,0,Male
37,United States,0,0,0,3.0,5,0,0,0,0,0,0,0,2,1,0,1,0,0,0,0,0,Male
30,Singapore,0,0,0,2.0,2,0,1,0,0,0,0,0,3,1,0,1,0,0,2,0,1,Male
29,United States,0,0,0,1.0,5,0,1,1,0,0,0,0,4,2,1,1,0,0,0,0,0,Male
30,United States,1,0,1,3.0,1,1,1,0,0,0,1,0,1,0,0,2,2,0,1,1,0,Male
35,United States,0,0,0,0.0,2,0,1,1,0,1,0,0,2,0,0,1,1,1,1,1,0,Male
35,United States,0,1,1,1.0,3,1,0,1,1,0,0,1,0,2,0,1,0,0,1,0,0,Male
38,Netherlands,0,1,0,3.0,2,1,1,0,0,0,0,0,2,1,1,1,1,1,1,0,0,Male
22,United Kingdom,0,1,1,2.0,3,0,1,1,1,0,0,1,4,0,0,1,2,1,2,1,0,Male
24,Germany,0,1,0,2.0,3,0,1,0,0,0,0,0,3,0,0,1,1,0,1,0,0,Male
22,Netherlands,1,0,0,0.0,0,0,1,0,0,0,0,0,2,0,1,1,2,1,2,0,1,Male
31,United States,0,0,1,3.0,2,1,1,1,1,0,0,0,4,1,0,1,1,0,2,0,0,Female
23,United States,0,1,1,2.0,5,0,1,1,1,1,1,1,3,2,1,0,0,0,0,0,0,Female
31,United States,0,1,1,2.0,3,0,1,0,0,0,0,0,2,0,0,1,1,0,0,0,0,Female
28,United States,0,1,1,1.0,4,0,1,1,1,1,1,0,1,1,0,0,1,0,0,0,0,Female
37,Canada,0,1,1,2.0,3,0,0,1,1,0,0,0,1,2,1,1,1,0,1,0,0,Male
34,United States,1,1,1,2.0,1,0,1,0,1,0,0,1,3,0,0,1,1,0,0,0,0,Male
32,Canada,0,0,0,2.0,2,1,1,0,1,0,0,1,0,2,1,1,0,0,1,0,1,Male
28,United States,0,1,1,2.0,2,1,1,1,0,0,0,0,2,2,0,1,1,0,0,0,1,Male
24,United Kingdom,0,0,1,2.0,3,0,1,0,0,0,0,0,2,1,0,0,1,0,1,0,0,Female
56,United States,0,1,1,1.0,1,0,1,1,1,0,0,0,2,2,1,1,1,0,0,0,0,Male
31,Germany,0,0,0,2.0,1,1,1,0,0,0,0,0,4,0,0,2,2,1,1,1,0,Male
34,United States,0,0,1,2.0,3,1,1,1,1,0,0,0,3,1,0,1,2,0,0,1,0,Female
35,Germany,0,0,1,1.0,3,0,0,0,0,1,0,0,4,0,0,1,2,0,0,1,0,Male
28,Germany,0,0,0,0.0,2,0,1,0,0,0,0,0,3,0,0,1,1,2,2,0,0,Male
36,Poland,1,1,1,3.0,1,0,1,0,0,0,0,0,3,0,0,1,2,1,1,1,1,Male
30,United Kingdom,0,0,1,3.0,2,0,1,0,0,0,0,1,3,0,0,1,2,0,1,1,0,Male
49,Japan,1,1,1,2.0,0,1,1,0,1,1,0,0,1,2,2,0,0,0,0,0,1,Male
29,Australia,0,1,1,2.0,5,0,0,1,1,1,1,0,1,2,0,1,1,0,0,0,1,Female
57,United States,0,0,0,0.0,2,0,1,1,1,0,1,1,1,2,1,0,0,0,1,0,1,Male
31,Belgium,0,1,1,1.0,3,0,0,1,0,0,0,0,2,1,0,1,0,0,0,0,1,Female
37,Ireland,1,0,0,0.0,1,0,1,0,0,0,0,0,2,2,1,0,0,0,1,0,0,Male
25,Ireland,0,1,1,2.0,2,0,1,0,0,0,0,0,2,1,0,1,1,0,1,0,0,Male
30,Australia,0,0,0,2.0,2,0,1,0,0,0,0,0,4,0,0,1,1,0,0,0,0,Male
26,Australia,0,1,0,2.0,3,0,0,0,1,1,1,0,3,0,0,2,2,0,0,0,0,Female
22,Netherlands,0,0,0,3.0,1,0,1,0,0,0,0,0,2,0,0,0,1,0,2,0,0,Female
39,United States,0,0,0,1.0,5,1,0,0,0,1,1,0,2,0,0,1,1,0,1,0,0,Male
29,United Kingdom,0,1,1,0.0,3,0,1,0,0,0,0,0,2,1,1,0,0,0,0,0,0,Male
54,United Kingdom,1,1,1,2.0,0,1,1,0,0,0,0,0,4,0,0,1,2,2,2,0,1,Male
34,Australia,0,1,0,0.0,4,0,0,0,0,1,1,0,2,2,1,0,0,0,0,0,1,Female
32,United States,0,0,1,0.0,4,0,0,1,0,1,1,0,4,1,0,0,0,0,0,1,0,Male
29,Poland,0,0,0,1.0,0,0,1,0,0,0,0,0,1,0,1,1,0,0,0,1,0,Male
32,Germany,1,0,0,0.0,0,1,1,0,0,0,0,0,2,0,0,1,2,0,1,0,0,Male
30,United Kingdom,0,1,1,2.0,5,0,1,1,1,0,0,1,2,1,0,1,2,0,2,1,0,Male
20,Switzerland,0,0,0,1.0,5,0,1,1,1,1,1,1,3,0,0,1,1,0,1,1,0,Female
27,United Kingdom,0,0,0,0.0,0,0,1,0,0,0,0,0,2,0,0,1,2,1,1,0,0,Male
32,United States,0,0,0,0.0,5,0,1,0,0,0,0,0,2,1,1,1,1,0,0,0,0,Male
26,Ireland,1,0,0,0.0,0,1,1,0,0,0,0,0,1,1,0,1,2,1,1,1,0,Male
30,Italy,0,0,0,2.0,5,0,0,0,0,0,0,1,4,0,0,1,1,0,0,0,0,Male
30,Ireland,0,0,1,2.0,2,1,1,0,0,0,0,0,0,1,1,1,0,0,0,0,0,Male
26,Netherlands,0,0,0,0.0,2,0,1,0,0,0,0,0,2,1,1,0,0,0,0,0,0,Male
26,Russia,0,0,0,0.0,2,0,1,0,0,0,0,0,1,0,0,1,0,0,1,0,0,Male
23,United States,0,1,0,2.0,1,0,1,0,0,0,0,0,2,1,0,0,0,0,1,0,0,Male
26,Israel,0,1,0,0.0,3,0,1,0,0,0,0,0,2,1,0,1,0,0,0,1,0,Female
35,Canada,0,1,0,2.0,2,0,1,0,0,0,0,0,2,1,1,1,1,0,0,0,0,Male
28,United States,0,0,1,2.0,2,1,0,0,0,0,0,0,2,0,0,1,2,0,1,0,0,Male
29,United States,0,1,1,1.0,1,0,1,0,0,0,0,0,2,2,0,0,0,0,0,0,0,Female
45,United States,0,0,1,3.0,0,1,1,1,0,0,1,0,4,0,0,2,2,0,1,1,0,Male
33,Bulgaria,0,0,1,1.0,2,1,1,0,0,0,0,0,3,1,0,1,1,0,1,0,1,Male
38,United States,0,0,1,2.0,5,0,0,1,1,1,1,0,2,0,0,1,2,0,0,0,0,Male
19,United States,0,1,1,3.0,2,0,0,0,0,0,0,0,1,1,1,0,0,0,1,0,0,Other
29,Canada,0,0,1,1.0,5,1,0,1,1,1,0,1,3,0,0,0,2,0,1,0,0,Female
23,India,0,1,1,2.0,5,0,1,0,0,0,0,0,2,2,1,0,0,0,0,0,0,Female
33,United States,0,1,1,1.0,5,0,1,1,1,1,1,1,3,0,0,1,2,0,0,1,0,Female
49,United States,0,1,1,2.0,3,0,1,1,0,1,1,1,3,1,1,1,2,0,0,1,0,Male
27,United Kingdom,0,0,1,2.0,1,1,1,0,0,1,0,1,4,0,0,2,2,1,1,1,0,Female
23,Canada,0,0,1,2.0,1,0,1,1,0,0,0,0,3,1,1,1,1,0,0,0,0,Male
29,Netherlands,0,0,0,0.0,0,1,1,0,0,0,0,1,3,0,0,2,2,0,1,1,0,Male
32,United Kingdom,0,0,1,2.0,2,0,0,1,1,0,0,1,4,0,0,0,2,0,0,1,0,Male
33,United States,1,1,1,1.0,0,1,1,0,1,1,1,0,0,0,0,2,2,0,0,1,1,Male
37,United States,0,1,1,2.0,3,0,1,1,1,0,0,1,2,1,0,2,2,0,0,0,0,Male
23,United States,0,0,1,3.0,2,0,0,1,1,1,0,1,3,0,0,1,2,0,1,1,0,Male
43,United States,0,1,1,2.0,2,0,0,1,0,0,1,0,3,2,0,0,0,0,0,0,0,Male
32,United Kingdom,0,0,1,1.0,3,0,1,0,0,0,0,0,2,1,0,2,2,0,1,0,1,Male
26,United States,0,0,0,0.0,2,0,1,0,0,0,0,0,2,2,2,1,0,0,0,0,0,Male
32,United States,1,0,1,2.0,0,1,1,0,0,0,0,0,4,0,0,2,2,2,2,0,0,Male
29,United States,0,0,1,3.0,2,0,1,1,1,0,0,1,4,0,0,2,2,1,1,1,0,Male
30,United States,0,1,0,0.0,3,0,1,0,0,0,0,0,4,0,0,1,2,0,1,0,0,Male
29,United States,0,0,0,0.0,1,0,1,1,1,0,1,1,2,1,0,1,1,0,0,0,0,Male
32,United States,1,1,1,2.0,0,1,1,1,1,0,0,0,0,2,1,1,0,0,0,0,0,Male
31,United Kingdom,0,0,1,2.0,2,0,0,0,0,0,0,0,1,2,0,0,0,0,1,0,0,Male
30,Canada,0,1,1,2.0,5,0,0,0,0,0,0,0,0,2,0,1,0,0,2,0,1,Male
25,United States,0,1,1,0.0,1,1,1,0,0,1,0,0,2,2,0,1,2,0,0,0,0,Male
33,United States,0,1,1,2.0,0,0,0,0,1,0,0,0,2,0,0,1,2,1,1,0,0,Male
31,South Africa,0,0,0,0.0,3,1,1,0,0,0,0,0,2,0,0,1,1,0,1,0,0,Male
21,Germany,0,0,0,1.0,1,1,1,0,0,0,0,0,4,1,1,1,1,0,1,0,0,Male
30,Switzerland,0,1,1,2.0,2,0,1,0,0,0,0,0,0,2,2,0,0,0,0,0,0,Male
43,Croatia,1,0,1,2.0,0,1,1,0,0,0,0,1,0,2,0,2,0,0,1,0,1,Male
37,United Kingdom,0,0,1,3.0,1,0,1,0,0,0,0,0,2,2,0,2,2,1,2,0,0,Male
33,United Kingdom,1,0,0,0.0,3,0,0,0,0,0,0,0,4,0,0,2,1,0,2,0,0,Male
33,United Kingdom,0,0,1,2.0,2,0,1,0,0,0,0,0,2,1,0,1,0,0,1,0,0,Male
36,United States,0,1,1,2.0,5,1,0,0,0,0,0,0,2,2,1,0,0,0,1,0,0,Male
37,Australia,0,1,1,2.0,2,0,1,0,1,0,0,1,4,0,0,1,2,0,1,1,1,Male
39,United Kingdom,0,0,1,2.0,3,0,1,0,0,0,0,0,4,0,0,0,1,0,2,1,0,Male
31,United States,0,1,1,2.0,2,0,1,1,1,0,0,0,3,1,0,1,2,1,2,0,0,Male
36,United States,0,0,1,2.0,3,1,1,1,1,0,0,0,0,1,1,1,1,1,1,0,0,Male
30,United States,1,0,1,2.0,2,1,1,0,0,0,0,0,2,0,0,1,1,0,2,0,0,Male
35,United States,0,1,1,1.0,1,0,1,1,1,1,1,1,4,0,0,1,2,0,0,1,0,Male
19,Canada,0,0,1,2.0,2,0,1,0,0,0,0,0,1,0,0,1,2,0,2,0,0,Male
37,United States,0,1,1,2.0,3,0,1,0,0,0,0,0,2,1,0,1,1,0,0,0,0,Male
40,Thailand,1,0,0,0.0,1,0,1,0,0,0,0,1,4,0,0,1,2,1,1,1,0,Male
36,United States,0,0,0,0.0,5,0,1,1,1,1,1,1,4,0,0,1,2,0,0,1,0,Male
29,United States,0,1,1,2.0,2,1,0,0,0,0,0,0,2,1,0,1,2,0,1,0,0,Female
38,United States,0,1,1,2.0,2,0,0,1,0,0,0,0,2,1,0,0,0,0,0,0,0,Female
26,United States,0,1,1,2.0,5,0,1,1,0,1,0,0,1,2,1,0,0,0,1,0,0,Male
34,Germany,0,0,0,1.0,2,0,1,0,0,0,0,1,3,1,1,0,1,1,1,1,0,Male
21,United States,0,0,1,3.0,5,0,0,0,1,0,0,0,2,2,0,1,1,0,2,0,1,Male
31,Canada,1,1,0,2.0,0,1,1,0,1,0,0,1,3,0,0,0,0,0,0,1,0,Male
37,United States,0,1,1,1.0,2,0,0,1,1,1,1,0,2,1,1,2,1,0,1,1,0,Female
37,Ireland,0,1,1,2.0,0,0,1,0,0,0,0,0,4,0,0,2,2,1,1,1,0,Male
38,Ireland,0,1,1,2.0,0,0,1,0,0,0,0,0,0,2,2,0,0,0,0,0,0,Male
27,United States,0,0,1,2.0,3,0,1,0,0,1,0,0,3,2,0,1,0,0,1,0,0,Female
33,United States,1,1,1,2.0,0,0,1,1,1,1,1,1,3,1,2,1,0,0,0,0,0,Female
27,United Kingdom,0,0,0,0.0,2,0,1,0,0,0,0,0,3,0,0,1,0,2,2,0,0,Male
36,United States,0,0,1,0.0,1,1,1,1,0,0,0,0,2,1,1,1,1,0,0,0,0,Female
28,United Kingdom,0,0,0,0.0,2,0,1,0,0,0,0,0,3,0,0,1,2,1,2,0,0,Male
39,United Kingdom,0,0,1,2.0,4,0,0,0,0,0,0,0,2,1,1,1,1,0,0,0,0,Male
33,United States,1,1,1,2.0,0,1,1,0,1,0,0,1,4,1,1,2,2,0,0,1,0,Male
37,United Kingdom,0,1,1,1.0,1,0,1,0,0,0,0,1,3,2,0,1,2,0,1,0,1,Male
39,Canada,0,0,1,2.0,3,0,0,1,1,1,1,1,4,2,0,1,2,0,1,0,1,Male
43,United States,0,0,0,2.0,1,1,1,0,0,0,0,0,2,1,0,0,0,0,1,0,0,Male
32,United Kingdom,0,0,1,2.0,5,0,0,0,0,1,1,0,2,0,0,2,1,2,2,1,1,Other
43,United Kingdom,0,0,1,0.0,2,0,1,0,0,0,0,0,2,0,0,2,2,2,2,0,0,Male
33,United States,0,0,1,2.0,1,1,1,0,1,0,0,1,1,0,0,2,2,2,2,0,0,Male
34,United Kingdom,0,1,1,2.0,5,0,1,0,0,0,0,1,4,0,0,1,2,0,1,1,0,Male
25,United States,0,1,1,2.0,5,0,0,1,1,1,1,1,2,1,0,1,1,0,0,0,1,Male
25,United States,0,1,1,2.0,2,0,1,1,1,0,0,1,2,1,0,1,1,0,1,0,0,Male
39,Switzerland,0,0,1,0.0,5,0,1,1,1,1,1,1,3,0,0,1,1,0,1,1,0,Male
29,United Kingdom,0,0,0,1.0,3,0,1,0,0,0,0,0,3,0,0,1,2,0,1,0,1,Male
33,United States,0,0,1,2.0,5,0,1,1,1,0,0,0,2,1,1,1,1,0,0,0,0,Male
37,United States,0,0,1,3.0,1,1,1,0,0,0,0,1,1,2,0,1,1,0,2,0,1,Female
35,United States,0,0,1,2.0,3,0,0,1,0,0,0,1,0,2,1,0,1,0,2,0,1,Female
22,United States,0,1,1,2.0,5,0,1,0,0,0,0,0,0,2,1,1,1,0,1,0,1,Female
38,United States,0,0,0,0.0,2,0,1,1,1,0,0,0,3,1,0,1,2,0,1,0,1,Male
32,United States,0,1,1,3.0,3,0,1,1,0,0,0,0,2,2,0,1,2,0,0,0,0,Female
35,United States,0,0,1,2.0,3,1,1,0,0,0,0,0,4,1,0,1,0,0,1,1,0,Female
29,United States,0,0,0,0.0,3,0,0,1,1,1,0,1,4,2,1,2,2,0,1,0,0,Male
23,United States,0,1,1,2.0,1,0,1,0,1,0,0,0,4,0,0,1,2,1,1,1,0,Male
28,United States,0,0,1,2.0,2,0,1,0,1,0,0,0,1,2,1,1,1,0,0,0,1,Other
40,United States,0,1,1,2.0,3,0,0,1,1,1,1,1,2,1,0,1,2,0,0,0,1,Female
41,United States,0,1,0,2.0,5,0,1,1,1,0,1,0,2,1,0,1,1,0,1,0,0,Male
29,United Kingdom,0,0,0,0.0,1,0,1,0,0,0,0,0,2,1,0,1,0,0,1,0,0,Male
29,United Kingdom,0,0,1,2.0,3,0,1,0,0,0,0,0,1,0,0,1,1,0,1,0,0,Male
35,United States,0,0,1,3.0,0,0,0,0,0,0,0,1,0,2,0,1,1,0,2,0,1,Male
28,United States,0,0,1,0.0,1,1,1,0,1,0,0,0,2,1,1,1,1,0,0,0,0,Male
36,United Kingdom,1,0,0,2.0,0,1,1,0,0,0,0,0,2,1,0,1,0,0,0,0,0,Female
39,United States,0,0,0,2.0,2,0,1,0,0,0,0,0,2,2,0,0,0,0,2,0,0,Female
39,United States,0,1,1,2.0,4,0,1,1,1,1,1,1,0,1,0,1,2,0,0,0,0,Male
44,United States,1,1,1,2.0,0,1,1,0,1,0,0,0,4,2,2,1,0,0,0,1,0,Male
26,Germany,1,0,1,2.0,1,1,1,0,0,1,1,1,4,0,0,1,1,1,1,1,0,Other
35,Denmark,1,1,1,3.0,0,0,1,0,1,1,0,0,3,0,0,1,1,1,2,1,0,Male
40,United States,0,1,1,2.0,3,0,0,1,0,1,0,0,2,2,1,1,0,0,0,0,0,Female
35,Denmark,1,1,1,3.0,0,0,1,0,1,1,0,0,3,0,0,1,1,1,2,1,0,Male
38,United States,0,0,0,0.0,5,1,1,0,1,0,0,0,0,2,2,0,0,0,0,0,0,Male
48,United States,0,1,0,3.0,2,0,1,0,0,0,0,0,0,2,2,0,1,0,0,0,1,Female
20,United States,0,0,0,0.0,2,0,1,0,0,0,0,0,2,0,0,1,2,1,1,1,0,Male
40,United States,1,0,0,2.0,0,1,1,0,0,0,0,0,3,2,1,1,0,0,0,0,0,Male
29,United Kingdom,0,0,1,1.0,1,0,1,0,0,0,0,0,2,1,0,1,0,0,1,0,0,Female
35,United States,0,1,1,2.0,0,0,0,0,1,0,0,1,2,0,0,1,2,0,0,1,0,Male
29,United States,0,1,0,2.0,5,1,0,1,1,0,1,1,4,1,0,1,0,0,0,1,0,Male
40,United States,0,0,0,0.0,3,0,1,1,0,0,0,0,2,1,0,1,1,0,1,0,0,Male
29,Sweden,0,0,1,1.0,1,0,1,0,1,0,0,1,4,0,0,1,2,0,0,1,0,Male
29,United States,0,1,1,1.0,3,0,1,1,0,0,0,0,2,0,0,2,2,0,1,0,0,Female
34,United States,0,0,1,2.0,0,0,1,0,0,0,0,0,2,2,0,0,0,0,2,0,0,Male
44,United Kingdom,0,1,1,2.0,4,0,0,0,0,0,0,0,1,1,0,1,2,0,1,0,1,Male
24,United States,0,1,1,3.0,1,0,1,1,1,0,0,1,4,0,0,1,2,0,2,0,1,Female
36,United States,0,0,0,1.0,5,0,1,1,1,1,1,1,1,0,0,1,2,0,0,0,0,Male
43,United States,0,0,1,2.0,5,0,0,0,0,0,0,0,0,1,0,1,2,0,0,0,0,Male
36,United Kingdom,1,0,0,2.0,1,1,1,0,0,0,0,0,1,0,0,2,2,0,1,0,1,Male
31,United States,0,1,1,2.0,3,0,1,1,1,0,0,0,1,0,0,2,2,1,1,0,0,Female
35,United States,0,0,0,2.0,5,0,1,0,0,1,0,0,2,1,0,1,0,0,0,0,0,Male
37,Italy,0,0,0,2.0,2,0,1,0,0,0,0,0,2,2,2,1,0,0,0,0,0,Male
34,United States,0,0,1,2.0,3,0,1,0,0,1,0,1,2,1,0,1,0,0,0,0,0,Male
36,Netherlands,1,0,1,2.0,0,0,1,0,0,0,0,0,4,0,0,2,0,0,0,1,0,Male
40,United States,1,1,1,2.0,0,1,1,0,1,0,0,1,4,0,0,2,2,0,0,1,0,Male
40,United States,0,0,0,1.0,5,0,1,1,1,1,1,1,2,0,0,1,1,0,1,0,0,Male
42,United States,0,0,1,2.0,0,1,1,0,1,0,0,0,3,1,0,0,0,0,1,0,0,Male
21,United Kingdom,0,1,0,0.0,1,0,0,0,0,0,0,1,3,1,0,1,1,0,1,0,0,Male
26,Canada,0,0,0,2.0,1,1,1,0,0,0,0,0,0,2,1,1,1,0,1,0,0,Male
51,United States,0,0,0,0.0,5,1,1,1,1,1,1,1,4,0,0,2,2,0,0,1,0,Male
32,United Kingdom,0,1,1,1.0,1,0,0,0,0,0,0,0,2,2,1,1,0,0,0,0,0,Male
32,United Kingdom,0,1,1,1.0,1,0,0,0,0,0,0,0,2,2,1,1,0,0,0,0,0,Male
26,United Kingdom,1,0,1,1.0,0,1,1,0,0,0,0,0,1,0,0,2,2,1,1,1,0,Male
23,United States,0,0,0,0.0,3,0,0,0,0,0,0,0,2,1,0,1,1,1,1,0,0,Male
33,United States,0,1,1,3.0,1,1,1,0,1,0,0,0,0,2,0,1,2,0,1,0,0,Male
46,United States,0,0,1,1.0,5,0,0,1,1,1,1,1,3,2,1,0,0,0,1,1,0,Male
35,United States,0,1,1,2.0,1,0,1,1,1,0,0,0,3,1,1,1,1,0,0,0,0,Male
32,Germany,1,0,0,2.0,0,1,1,0,1,0,0,1,3,0,0,1,1,1,1,0,0,Male
56,United States,0,0,1,1.0,5,1,1,1,1,0,1,1,3,0,0,2,2,2,2,1,0,Male
32,United Kingdom,0,1,1,2.0,3,0,1,0,0,0,0,0,1,1,0,1,1,0,2,0,1,Female
30,United States,1,1,1,2.0,1,1,1,0,0,0,0,0,0,2,0,0,0,0,1,0,0,Male
23,United Kingdom,0,1,0,0.0,5,0,0,0,0,0,1,0,3,2,1,0,0,0,1,0,0,Female
31,United States,0,0,1,0.0,2,0,1,1,1,0,0,1,4,1,0,0,0,0,0,0,0,Male
29,United States,0,1,1,2.0,2,0,1,0,0,0,0,0,2,1,0,1,1,0,0,1,0,Male
30,United States,0,0,0,0.0,2,1,1,1,1,0,0,1,4,0,0,1,2,1,1,1,0,Male
37,United States,0,0,0,0.0,4,1,1,1,0,1,0,0,2,1,0,1,2,0,0,1,1,Male
36,United States,1,0,0,0.0,0,0,1,1,0,0,0,0,1,0,0,1,2,2,2,1,0,Male
35,United States,0,1,1,2.0,2,1,1,1,1,0,0,0,2,1,1,1,0,0,1,0,0,Male
41,United States,0,1,0,0.0,4,1,0,0,0,0,0,0,2,1,0,0,0,0,0,0,0,Male
31,United Kingdom,0,0,1,1.0,1,0,1,0,0,0,0,0,2,0,0,1,2,0,0,0,0,Male
39,United States,0,1,0,2.0,5,0,1,1,0,1,1,0,2,1,1,1,2,1,1,0,1,Male
42,United States,1,1,0,2.0,1,1,0,1,0,0,1,0,2,1,1,1,0,0,1,0,0,Male
32,United States,1,1,1,1.0,0,1,1,0,1,0,0,0,0,2,0,1,0,0,1,0,0,Male
30,United States,0,1,0,0.0,3,0,1,1,0,0,1,0,0,2,2,1,0,1,1,0,0,Male
40,United States,0,1,1,3.0,4,1,1,0,0,0,0,0,2,1,1,1,1,0,2,0,0,Male
33,United States,0,0,0,0.0,5,0,1,1,1,1,1,1,3,0,0,1,2,0,0,1,0,Male
34,Germany,1,0,1,2.0,0,1,1,0,0,0,0,1,1,1,1,1,1,0,0,0,0,Male
50,United States,1,0,0,0.0,0,1,1,0,1,0,0,1,3,0,0,1,2,0,1,1,0,Male
24,United States,0,0,0,2.0,2,1,1,0,0,0,0,0,3,0,0,1,2,0,1,0,0,Male
25,United States,0,1,1,1.0,2,0,0,0,0,0,0,0,2,2,1,0,0,0,1,0,0,Male
43,United Kingdom,0,1,1,1.0,2,0,1,0,0,0,0,0,0,2,2,1,0,0,0,0,1,Male
25,United States,1,0,1,3.0,0,0,1,1,1,1,1,1,4,1,1,1,1,0,0,1,1,Female
51,United States,1,0,0,0.0,0,0,1,0,1,0,0,1,1,0,0,1,1,1,1,0,0,Male
49,United States,0,1,1,2.0,5,0,1,1,1,0,1,1,1,2,1,0,0,0,1,0,1,Male
25,United States,0,1,1,2.0,5,0,1,1,1,1,0,0,2,2,2,0,0,0,0,0,0,Female
36,United States,0,0,1,1.0,4,1,1,1,1,0,0,0,2,1,0,0,0,0,1,0,0,Male
48,United States,0,0,1,0.0,5,0,1,1,1,1,1,1,2,1,1,2,2,0,1,1,1,Male
48,Australia,0,0,1,2.0,1,0,1,0,0,0,0,0,3,2,0,1,0,0,1,0,1,Male
53,United States,0,0,1,1.0,1,1,1,1,1,0,1,0,2,1,1,1,0,0,0,0,0,Male
24,United Kingdom,0,1,1,3.0,1,1,1,0,0,0,0,0,4,0,0,2,2,0,0,0,0,Female
33,United States,0,1,1,2.0,2,0,1,0,1,0,1,0,3,0,0,2,2,0,0,0,0,Male
25,Canada,0,1,1,2.0,1,0,1,1,1,0,0,1,3,0,0,1,2,0,0,0,0,Female
30,United Kingdom,0,0,1,2.0,2,0,1,0,0,0,0,0,1,2,1,1,0,0,1,0,0,Male
30,United States,1,0,0,0.0,0,1,1,0,1,0,0,1,3,1,1,1,1,1,1,0,0,Male
34,United Kingdom,1,0,1,2.0,0,1,1,0,0,0,0,1,1,0,0,1,1,0,0,1,0,Male
22,United States,0,1,1,3.0,5,0,1,0,0,0,0,0,2,2,2,0,0,0,0,0,0,Female
28,United States,0,1,0,2.0,1,0,1,0,0,0,0,0,3,0,0,1,2,0,2,0,0,Male
35,United States,0,1,1,1.0,2,0,0,1,1,0,1,1,1,1,0,1,1,0,0,0,0,Male
28,United States,0,1,1,2.0,2,0,0,1,0,0,0,0,2,1,1,1,1,0,0,1,0,Male
42,New Zealand,0,0,1,2.0,5,0,0,0,1,0,0,1,1,2,1,1,1,0,2,0,1,Male
29,United States,0,0,0,2.0,5,0,1,1,0,1,0,0,2,2,1,0,0,0,0,0,0,Male
43,United States,0,1,0,2.0,4,0,0,1,0,0,0,0,2,1,0,0,1,0,1,0,0,Male
31,United States,0,1,0,0.0,3,0,1,0,0,0,0,0,4,0,0,1,2,0,0,0,0,Male
35,United States,0,1,1,2.0,1,0,0,1,0,1,1,1,1,1,1,1,2,0,1,1,0,Female
34,United States,0,0,0,3.0,0,0,1,0,0,0,1,0,4,0,0,1,2,0,1,1,0,Male
43,United States,0,0,1,2.0,3,1,1,1,1,0,1,1,0,2,1,1,0,0,1,0,1,Male
38,United States,0,1,1,2.0,3,0,1,0,0,0,0,0,0,2,2,0,1,0,1,0,0,Male
26,United States,0,1,1,2.0,5,0,1,0,0,0,1,1,0,1,0,1,1,2,2,0,1,Male
38,United Kingdom,1,1,1,1.0,0,1,0,0,0,0,0,1,0,1,0,0,0,0,0,0,0,Male
42,United States,0,0,1,3.0,1,0,1,0,0,0,0,0,2,2,1,0,0,0,1,0,0,Male
32,United States,0,0,1,1.0,5,0,1,1,1,1,1,1,3,1,0,1,1,0,0,0,0,Male
44,United States,0,1,1,2.0,1,1,1,1,1,1,1,1,1,1,1,1,2,0,1,0,0,Male
28,United States,0,1,1,1.0,5,0,1,1,1,0,0,0,2,1,0,1,0,0,0,0,0,Male
40,United States,0,1,1,2.0,5,1,1,1,1,1,1,1,0,2,0,1,1,0,1,0,1,Male
31,United States,0,1,1,2.0,4,0,1,1,1,0,0,1,3,1,0,1,2,0,0,1,0,Female
32,United States,0,1,0,2.0,3,0,1,1,1,1,1,0,2,2,0,1,0,0,0,0,0,Male
28,United States,0,1,1,2.0,5,0,1,0,0,0,0,0,3,1,0,1,0,0,1,0,0,Male
39,United States,0,1,1,3.0,2,0,1,1,1,0,0,1,2,2,0,1,0,0,0,0,0,Male
43,United States,0,0,1,1.0,5,0,1,1,1,1,1,0,3,0,0,2,2,1,2,1,0,Male
35,United States,0,0,1,2.0,5,0,1,1,1,0,1,0,0,1,1,1,1,0,0,0,0,Male
40,United States,0,1,1,2.0,1,0,1,1,1,0,0,1,4,1,0,1,1,0,0,0,0,Male
34,Netherlands,0,0,1,1.0,2,0,1,0,1,0,0,1,4,0,0,2,2,1,1,1,0,Male
24,United Kingdom,0,1,1,3.0,2,0,0,0,1,0,0,0,3,2,1,1,2,0,1,0,1,Male
61,South Africa,1,0,1,2.0,0,1,1,0,0,0,0,0,0,2,1,1,2,0,1,0,1,Male
36,United States,0,1,1,1.0,1,0,1,0,0,0,0,0,2,2,1,1,0,0,0,0,0,Female
33,Germany,0,1,1,3.0,2,0,1,0,0,1,0,1,3,0,0,1,2,2,2,1,0,Male
30,United States,0,1,0,0.0,5,0,0,0,0,0,0,0,2,2,1,0,0,0,0,0,0,Male
34,Netherlands,1,1,1,1.0,0,1,1,1,1,1,1,1,4,0,0,2,1,0,1,1,0,Male
26,United States,0,0,1,1.0,5,0,1,1,0,0,0,0,2,0,0,1,1,0,1,0,0,Male
25,Germany,1,0,0,2.0,1,1,1,0,1,0,0,1,3,0,0,1,2,2,2,1,0,Male
35,Germany,1,0,1,2.0,2,1,0,0,0,0,0,0,1,2,1,2,0,0,1,0,0,Male
24,United Kingdom,1,1,0,3.0,0,1,1,0,0,0,0,0,2,1,0,1,1,0,1,0,0,Male
55,United Kingdom,0,0,1,3.0,5,0,0,1,1,1,1,0,3,2,1,0,1,0,1,0,1,Male
33,United Kingdom,1,1,1,2.0,0,1,1,0,1,0,0,0,0,2,1,1,1,0,1,0,1,Male
26,United Kingdom,1,1,1,2.0,0,1,1,0,0,0,0,0,4,1,0,1,2,0,1,1,0,Female
25,United Kingdom,0,0,0,0.0,1,1,1,0,0,0,0,0,4,0,0,2,2,0,0,0,0,Male
45,United Kingdom,0,1,0,1.0,3,0,0,0,0,0,0,0,2,1,0,1,0,0,1,0,0,Male
33,United Kingdom,1,0,1,2.0,0,1,1,0,1,1,1,1,4,0,0,1,2,0,0,0,0,Female
43,United States,0,0,0,2.0,5,1,1,0,0,0,0,0,0,2,1,0,0,0,1,0,1,Male
30,United Kingdom,1,0,1,2.0,1,0,1,0,1,0,0,0,0,2,2,0,0,0,0,1,1,Male
40,United States,0,1,1,1.0,1,0,1,0,0,0,0,0,2,0,0,2,2,0,1,0,0,Male
49,United States,0,1,0,0.0,5,0,1,1,1,1,1,1,2,0,0,2,2,0,0,1,0,Male
38,United States,0,0,0,0.0,5,0,1,1,1,1,1,1,3,1,1,1,1,0,1,0,1,Male
26,Belgium,0,0,0,0.0,1,0,1,1,0,0,0,0,3,1,0,0,0,0,0,0,0,Male
28,United Kingdom,0,1,1,3.0,2,0,1,0,0,0,0,0,3,1,1,2,2,0,0,0,0,Male
40,United States,0,1,1,2.0,0,1,1,0,0,0,0,0,2,1,1,1,2,0,1,0,0,Male
37,Canada,1,1,1,1.0,0,1,1,0,1,0,0,1,3,2,1,1,1,1,1,0,1,Female
34,United Kingdom,0,1,1,3.0,2,1,0,1,1,0,1,0,3,2,2,1,0,0,0,0,0,Female
28,United States,0,1,1,3.0,3,0,1,0,0,0,0,0,2,1,0,1,1,0,2,0,0,Male
27,Canada,0,0,0,0.0,2,0,1,1,0,1,0,1,4,0,0,2,2,1,1,1,0,Male
29,United Kingdom,0,0,1,2.0,1,1,1,0,0,0,0,0,4,0,0,2,2,0,2,1,0,Male
39,United Kingdom,0,1,0,1.0,4,1,1,0,0,0,0,0,1,2,2,0,0,0,0,0,1,Female
28,United Kingdom,0,0,0,3.0,1,0,1,0,0,0,0,0,1,2,0,0,0,0,2,1,0,Male
23,United States,0,1,0,2.0,2,0,1,1,0,1,1,1,3,0,0,0,0,0,1,0,0,Male
31,"Bahamas, The",1,1,1,3.0,0,1,1,1,1,1,1,1,4,2,2,2,2,2,2,1,1,Other
30,United States,0,1,1,2.0,2,0,1,1,1,1,0,1,4,0,0,1,0,0,0,1,0,Female
20,India,0,0,1,2.0,2,0,1,0,0,0,0,0,2,2,0,0,0,0,1,1,0,Male
35,United Kingdom,1,0,0,2.0,0,0,1,0,0,0,0,0,3,0,0,1,2,0,0,0,0,Male
39,United States,0,0,1,1.0,3,1,1,1,1,0,0,1,4,1,0,1,2,0,0,0,0,Male
31,United States,0,1,0,0.0,5,0,0,1,0,0,0,0,2,2,2,0,0,0,0,0,0,Female
32,United Kingdom,0,0,0,1.0,4,0,1,0,0,0,0,0,2,2,0,0,0,0,0,0,0,Male
25,United States,0,1,1,3.0,1,1,1,1,1,0,0,1,3,0,0,2,2,1,1,0,0,Male
42,United States,0,1,1,2.0,1,1,1,0,0,0,0,0,2,1,0,1,2,0,1,0,0,Male
34,United States,0,1,1,3.0,3,0,1,1,1,0,0,1,4,0,0,2,2,1,1,0,0,Male
26,United States,0,0,1,2.0,2,1,1,0,0,0,0,0,2,1,0,1,0,1,1,0,1,Female
35,United Kingdom,0,1,1,2.0,0,0,1,0,1,0,0,1,4,2,2,1,1,0,1,1,1,Male
34,United Kingdom,0,0,0,0.0,4,0,1,0,0,0,0,0,4,1,0,2,2,0,0,1,0,Male
38,United States,0,1,1,2.0,3,1,0,1,1,0,1,1,4,0,0,2,2,2,2,0,0,Male
34,United States,0,0,0,2.0,3,0,1,0,0,0,0,0,2,2,0,1,0,0,1,0,0,Male
39,United States,0,1,1,2.0,1,1,1,0,1,0,0,1,3,0,0,1,2,1,2,1,0,Male
33,United States,1,0,0,0.0,0,1,1,0,1,0,0,1,3,1,0,0,1,0,0,1,0,Female
24,United States,0,1,0,2.0,5,0,0,1,1,0,0,0,1,2,1,1,1,0,0,0,1,Female
38,United States,0,1,0,2.0,2,1,1,0,0,0,0,0,2,0,0,1,2,0,0,0,0,Female
31,United States,0,0,0,2.0,5,0,1,1,0,1,1,1,2,2,1,1,1,0,1,1,0,Male
46,United States,0,0,1,3.0,5,0,0,1,1,1,1,0,2,2,0,1,1,0,0,0,1,Other
30,United States,0,1,1,2.0,2,1,1,1,0,0,0,0,2,1,0,1,0,0,1,0,0,Male
25,United States,0,0,0,1.0,2,1,1,0,0,0,0,0,3,2,0,1,1,0,2,0,1,Male
19,Canada,0,0,0,0.0,2,1,1,0,0,0,0,0,3,0,0,1,1,0,1,0,0,Male
30,United States,0,1,1,2.0,4,0,0,1,1,1,1,1,3,1,1,1,1,0,0,0,1,Female
32,United States,0,0,0,0.0,1,0,1,1,1,1,1,0,3,0,0,2,2,0,1,1,0,Male
37,United States,0,1,0,2.0,2,1,1,0,0,0,0,0,3,1,0,1,1,0,1,0,0,Male
42,United States,0,1,1,2.0,1,1,1,0,0,0,0,0,2,1,1,1,1,0,0,0,0,Male
25,United States,0,0,0,0.0,5,0,1,1,1,1,1,0,2,1,0,1,2,1,0,1,0,Female
19,United States,0,0,0,2.0,0,0,1,0,0,0,0,0,2,0,0,1,2,1,1,0,0,Male
40,United States,0,1,0,0.0,3,1,1,1,1,1,0,0,2,2,2,0,0,0,0,0,0,Female
31,United States,0,1,1,1.0,1,0,1,0,0,0,0,1,2,0,0,2,2,1,1,1,0,Male
40,United States,0,1,0,2.0,5,1,0,1,0,1,0,0,2,2,1,1,1,0,1,0,0,Male
31,United States,0,1,1,3.0,2,0,1,0,0,0,0,0,0,2,0,0,0,0,2,0,1,Female
36,United States,0,0,0,0.0,3,0,0,0,0,0,0,0,2,2,1,0,0,0,1,0,1,Male
35,Canada,0,1,0,2.0,1,1,1,0,1,0,0,0,2,1,0,0,1,0,0,0,0,Male
26,Australia,0,1,1,2.0,2,1,1,0,0,0,0,1,2,0,0,2,2,0,1,1,0,Male
34,United States,0,0,0,2.0,0,0,1,0,0,0,0,0,4,0,0,1,2,0,1,1,0,Female
28,United States,0,1,1,2.0,2,1,1,0,0,0,0,0,3,2,0,1,1,0,1,0,0,Female
40,United States,0,1,1,2.0,5,1,1,1,1,0,1,0,2,2,0,0,0,0,1,0,0,Male
26,United States,0,0,1,2.0,1,0,1,1,1,0,0,1,2,1,0,1,0,0,1,0,0,Male
29,United Kingdom,0,0,1,3.0,5,0,0,1,1,0,0,0,2,1,0,1,0,0,2,0,1,Female
26,Canada,0,1,1,2.0,3,0,1,1,0,0,0,1,2,1,0,1,0,0,1,0,0,Female
33,Italy,0,1,1,2.0,1,0,1,0,0,0,0,0,3,0,0,1,2,0,0,0,0,Male
28,Brazil,0,1,0,2.0,3,0,1,0,0,0,0,0,3,0,0,1,1,0,0,0,1,Male
41,United States,1,0,1,3.0,0,1,0,0,1,1,1,1,0,0,0,1,1,0,0,1,1,Male
39,United Kingdom,1,1,1,2.0,0,1,1,0,1,1,1,1,1,0,0,2,2,0,1,1,1,Male
26,United States,0,1,1,2.0,5,0,1,1,1,0,0,0,2,0,0,1,2,0,1,0,1,Female
23,United States,0,1,0,2.0,2,0,0,0,0,0,0,0,1,2,0,0,1,0,1,0,0,Female
35,Switzerland,0,1,1,3.0,5,0,1,0,0,0,0,1,4,0,0,1,1,0,1,0,0,Male
36,United States,0,0,0,0.0,0,1,1,0,0,0,0,0,4,0,0,1,1,0,0,0,0,Male
42,United States,0,0,0,1.0,5,0,0,0,0,0,0,0,2,1,0,1,0,0,1,0,0,Male
39,United States,0,1,1,2.0,4,0,1,1,1,0,0,1,4,0,0,1,2,0,0,1,0,Male
27,United States,0,0,0,0.0,1,0,1,0,0,0,0,0,2,1,0,1,2,1,1,0,0,Male
33,United States,1,0,0,0.0,1,1,1,0,0,0,0,0,4,1,0,1,2,0,1,1,0,Male
31,Canada,0,1,1,3.0,5,0,1,1,0,0,0,0,2,1,0,1,0,0,1,0,0,Male
28,United States,0,0,1,1.0,1,0,1,1,1,0,1,1,4,0,0,1,1,0,2,0,0,Female
29,United States,0,0,1,3.0,5,1,0,1,0,0,0,0,3,0,0,1,2,1,1,0,0,Female
27,United States,0,0,1,2.0,3,0,1,0,0,0,0,1,0,1,0,1,0,0,1,0,0,Male
44,United States,1,0,0,0.0,0,1,1,0,0,0,0,1,1,0,0,0,0,0,0,0,0,Male
25,United States,0,0,1,3.0,1,1,1,0,0,0,0,0,3,1,0,1,0,0,1,0,0,Male
24,Germany,0,1,1,2.0,1,0,1,0,0,0,0,0,3,1,0,2,2,0,0,0,0,Male
25,South Africa,0,1,1,3.0,1,0,0,0,0,0,0,1,2,0,0,1,2,0,1,0,1,Male
34,United States,0,0,0,0.0,1,1,1,1,0,0,0,0,3,1,1,0,1,0,1,0,0,Male
26,United States,0,0,0,0.0,5,0,0,1,1,0,0,0,1,1,0,0,2,0,0,0,0,Male
48,United States,0,0,0,0.0,2,0,0,1,1,1,1,1,2,1,0,1,2,0,1,0,0,Male
39,United States,0,0,1,2.0,1,1,1,0,0,0,0,0,2,1,1,1,1,0,1,0,0,Female
43,United States,0,0,0,2.0,5,1,1,1,0,0,1,0,2,1,0,0,0,0,0,0,0,Male
41,United States,0,0,0,1.0,5,0,1,1,1,1,1,0,2,1,1,1,0,0,0,1,1,Male
25,United States,0,0,0,0.0,5,0,0,0,0,0,0,0,2,0,0,1,2,0,0,0,0,Male
31,United States,0,0,1,2.0,3,0,1,1,1,0,0,0,3,1,0,1,0,0,1,0,0,Male
40,United States,0,1,1,2.0,5,0,1,1,1,1,1,1,2,2,2,0,0,0,1,0,1,Male
43,United States,1,1,1,2.0,0,1,1,1,0,0,0,0,2,1,1,1,1,0,1,0,0,Male
27,United States,0,1,1,3.0,5,0,1,1,1,1,1,1,0,1,0,2,1,0,1,0,1,Female
37,United States,0,1,1,2.0,2,1,1,1,1,0,0,0,2,2,1,0,0,0,1,0,0,Female
32,Netherlands,1,0,1,2.0,0,0,1,0,0,0,0,1,0,1,0,1,2,0,1,0,0,Male
25,United States,0,1,1,3.0,0,0,1,0,1,0,0,1,4,1,0,2,2,0,1,0,0,Male
29,Netherlands,0,1,1,3.0,0,0,1,0,0,0,1,0,0,0,1,2,2,1,0,1,0,Male
30,United States,0,1,1,3.0,5,0,0,1,0,0,0,0,1,2,0,0,0,0,1,0,0,Female
34,Canada,0,1,1,3.0,2,0,0,0,0,1,0,0,3,0,0,1,1,0,0,1,0,Female
32,United Kingdom,0,1,1,2.0,0,0,0,1,1,1,1,1,3,1,1,1,1,0,1,0,0,Male
41,Germany,0,0,1,2.0,5,0,1,0,0,0,0,0,1,0,0,2,2,0,0,1,0,Male
38,United States,0,1,0,0.0,5,0,0,1,0,1,1,0,2,2,1,1,0,0,0,0,0,Male
32,United States,0,0,1,2.0,2,0,1,1,1,1,0,1,2,0,0,1,2,0,1,0,0,Male
28,United States,0,1,1,2.0,3,0,1,1,1,0,0,0,2,1,0,1,1,0,0,1,0,Female
31,United States,1,0,0,0.0,0,1,1,0,1,0,0,1,4,0,0,1,1,0,1,1,0,Male
43,United States,0,1,0,0.0,3,0,0,1,1,0,0,0,3,1,0,1,1,0,1,0,0,Male
32,United States,0,1,1,3.0,3,0,1,0,1,0,0,0,0,2,0,2,2,0,2,0,0,Male
25,United States,0,0,1,2.0,5,0,1,1,1,1,0,1,2,2,0,0,0,0,0,1,0,Male
37,United States,0,0,1,2.0,3,0,1,1,0,0,1,1,4,0,0,0,2,0,0,1,0,Male
36,United States,1,0,1,2.0,0,0,0,0,1,0,0,0,0,0,0,0,0,0,0,0,1,Male
24,United States,0,1,1,1.0,1,1,1,0,0,0,0,0,4,0,0,2,2,1,2,1,0,Male
40,United States,0,1,1,2.0,5,0,1,1,0,1,0,0,1,1,0,1,1,0,1,0,1,Male
43,United States,0,0,0,0.0,4,0,1,0,0,0,0,0,2,0,0,2,1,0,0,1,0,Male
26,United States,0,1,0,2.0,3,0,1,0,0,0,0,0,2,1,0,1,0,0,1,0,0,Male
33,Canada,1,1,1,3.0,0,1,1,0,1,0,0,0,0,2,2,0,0,0,1,0,1,Female
35,United States,0,1,0,2.0,1,1,1,0,0,0,0,0,3,0,0,2,1,0,0,1,0,Female
45,United States,0,0,0,0.0,1,1,1,1,0,0,0,0,2,2,1,1,0,0,1,0,0,Male
25,United States,0,0,1,1.0,1,1,1,0,1,0,0,0,3,1,0,0,1,0,1,0,0,Male
50,France,1,0,1,2.0,2,1,1,0,0,0,0,0,2,1,1,1,2,0,0,0,0,Male
26,Australia,0,1,1,1.0,2,0,1,0,0,0,0,0,4,0,0,2,2,1,2,1,0,Male
33,United States,0,0,1,3.0,5,0,1,1,1,0,0,0,2,2,0,0,0,0,1,0,0,Female
30,India,0,0,0,3.0,1,0,1,0,0,0,0,0,4,1,1,1,1,1,1,0,0,Male
33,Croatia,0,1,1,2.0,1,1,1,1,1,0,0,1,4,0,0,1,2,1,1,1,0,Male
29,France,0,0,1,3.0,1,0,1,1,0,0,0,1,3,1,1,2,1,0,2,0,0,Male
25,United States,0,1,1,2.0,0,1,1,0,0,0,0,0,4,0,0,2,2,1,2,0,0,Male
24,Canada,0,0,0,2.0,2,0,1,1,1,0,0,1,2,1,0,0,0,0,1,0,1,Male
40,United Kingdom,0,0,1,0.0,3,0,1,0,0,0,0,0,4,1,0,2,1,0,1,0,0,Male
46,United States,0,1,1,2.0,1,0,1,0,1,0,0,0,2,2,1,0,1,0,1,0,0,Male
38,United States,0,1,1,1.0,5,0,0,1,1,1,1,1,3,2,0,0,2,0,2,0,0,Male
34,United States,0,0,0,0.0,0,1,1,0,1,0,0,0,2,2,2,0,0,0,0,0,0,Male
32,United Kingdom,1,0,1,1.0,0,0,1,0,1,1,1,1,4,0,0,1,2,0,2,0,1,Male
44,United Kingdom,0,0,1,2.0,5,0,0,0,0,0,1,0,2,1,0,1,1,0,0,0,0,Male
33,United Kingdom,0,0,1,0.0,3,0,1,0,0,0,0,0,4,1,0,1,1,0,1,0,0,Female
45,United States,0,0,1,1.0,2,0,0,0,0,0,0,0,2,0,0,1,1,0,1,0,0,Female
26,Germany,1,1,1,3.0,0,0,1,0,0,0,0,0,2,1,0,2,2,1,2,0,1,Male
20,United States,0,0,1,2.0,2,1,1,0,0,0,0,0,2,0,0,1,1,1,1,0,0,Female
31,United States,1,1,1,3.0,0,1,1,1,1,1,1,1,4,2,2,2,2,2,2,1,1,Other
37,Netherlands,0,1,0,2.0,1,0,1,0,0,0,0,1,3,1,0,1,2,0,1,1,0,Male
42,United States,0,1,1,2.0,2,0,0,1,1,0,0,0,2,2,0,1,1,0,2,0,0,Female
36,United States,0,1,1,1.0,5,1,1,1,1,0,0,1,3,1,1,1,0,0,0,0,0,Female
27,New Zealand,0,0,0,1.0,2,0,1,0,1,0,1,0,1,2,0,0,0,0,1,0,1,Male
27,New Zealand,0,0,0,1.0,2,0,1,0,1,0,1,0,1,2,0,0,0,0,1,0,1,Male
27,United Kingdom,0,0,1,2.0,5,0,0,0,0,0,0,1,3,1,0,2,2,1,1,0,0,Male
25,United Kingdom,0,1,1,2.0,2,1,1,0,0,0,0,1,4,0,0,1,2,0,1,1,0,Male
23,Germany,0,1,1,2.0,1,0,1,0,0,0,0,0,3,1,0,0,0,0,0,0,0,Male
21,United Kingdom,0,0,1,2.0,5,0,0,0,0,0,0,0,2,1,0,1,0,0,0,0,0,Male
26,Moldova,0,0,1,3.0,2,0,1,0,1,0,0,1,0,0,0,2,2,2,2,0,0,Male
29,Sweden,0,0,0,1.0,5,0,1,0,0,0,0,0,2,1,1,0,0,0,2,0,1,Male
28,Belgium,0,0,0,2.0,5,0,0,0,0,0,0,0,3,2,1,0,0,0,0,0,1,Male
23,Israel,0,0,0,0.0,5,0,0,0,1,1,1,1,1,0,0,2,2,0,2,1,0,Male
26,United States,0,1,0,2.0,2,1,1,0,0,0,0,0,2,1,0,0,0,0,0,0,0,Female
38,United Kingdom,0,1,1,2.0,0,0,1,0,0,0,0,0,4,0,0,1,2,1,2,0,0,Male
39,United Kingdom,0,1,1,2.0,5,0,0,0,0,0,0,1,4,1,1,1,2,1,1,1,0,Male
35,United States,0,1,1,3.0,5,0,0,1,1,0,1,0,3,2,0,0,1,0,2,0,0,Male
32,United States,0,0,0,1.0,1,0,1,1,0,0,0,0,2,1,0,0,1,0,1,0,0,Male
32,United States,0,0,1,2.0,5,0,1,1,1,1,1,1,1,1,1,1,1,0,0,0,1,Male
26,United Kingdom,0,0,0,0.0,1,0,1,0,0,0,0,0,2,2,1,1,0,0,1,0,0,Male
38,Canada,0,1,1,1.0,3,0,1,0,0,0,0,0,2,0,0,2,2,0,1,0,0,Male
34,United Kingdom,0,1,0,1.0,2,0,0,1,1,1,1,1,4,0,0,1,2,1,1,1,0,Female
39,United States,0,1,1,3.0,2,0,0,0,0,0,0,0,3,2,0,1,1,0,1,0,0,Male
32,Canada,1,0,0,0.0,1,1,1,0,0,0,0,0,4,0,0,2,2,1,1,1,0,Male
37,Netherlands,1,0,0,0.0,0,1,1,0,0,0,0,0,4,2,2,1,1,0,0,0,0,Male
31,United Kingdom,0,1,1,0.0,1,0,1,0,0,0,0,0,3,0,0,1,1,0,0,0,0,Male
30,United States,0,1,1,1.0,1,0,1,0,1,0,0,0,2,0,0,0,0,0,0,0,0,Male
51,Singapore,0,0,0,0.0,5,1,1,0,0,0,0,0,2,2,0,0,0,0,0,0,0,Male
29,United States,0,0,1,2.0,2,0,1,1,1,0,0,0,2,2,0,1,1,0,1,0,0,Male
31,United Kingdom,0,0,0,0.0,3,0,1,1,0,0,1,0,2,1,2,1,0,0,0,1,0,Male
26,United States,0,1,1,2.0,1,1,1,0,0,0,0,0,3,1,0,1,1,1,1,0,0,Male
46,United States,0,0,1,3.0,3,1,0,1,1,0,0,1,2,1,0,1,1,0,1,0,0,Female
32,United States,0,1,0,2.0,5,0,1,1,0,1,0,0,2,1,0,2,2,0,0,0,0,Male
29,United States,0,1,1,2.0,2,0,0,1,1,1,1,0,2,1,0,1,0,0,1,0,0,Male
34,Poland,0,0,0,0.0,5,1,1,0,0,0,0,0,2,1,0,1,1,0,2,0,0,Male
26,Colombia,0,0,0,3.0,1,0,1,0,0,0,0,0,0,2,0,0,0,0,1,1,0,Male
32,United States,0,0,1,2.0,5,0,1,1,1,0,0,0,2,1,0,1,0,0,0,0,0,Female
40,United States,0,1,1,2.0,2,0,1,1,1,0,1,1,3,0,0,2,2,0,1,1,1,Female
23,United Kingdom,0,0,1,2.0,0,0,1,0,0,0,0,0,0,1,0,2,2,2,2,0,1,Male
20,Georgia,0,0,0,1.0,2,0,0,0,0,0,0,0,0,2,2,1,0,0,1,0,0,Male
26,United States,0,1,1,1.0,3,0,1,1,0,0,0,0,2,1,1,0,0,0,1,0,0,Female
29,United States,0,0,0,0.0,2,0,1,0,0,0,0,0,2,0,0,1,2,0,2,0,1,Male
40,China,1,0,0,2.0,0,1,1,0,1,0,0,0,3,0,0,1,1,1,1,0,0,Male
25,Bulgaria,0,0,1,2.0,2,1,1,0,0,0,0,0,2,1,1,2,1,1,0,0,0,Female
32,United States,0,0,1,2.0,2,0,1,1,1,0,0,1,2,1,1,1,0,0,0,0,0,Female
38,United States,0,1,1,2.0,5,0,0,1,1,1,1,1,2,1,0,1,0,0,1,0,1,Male
72,United States,0,1,1,0.0,4,1,0,1,0,0,1,0,3,1,1,1,2,0,0,0,1,Female
35,United States,0,1,1,2.0,0,1,1,0,0,0,0,1,2,1,1,1,1,0,0,1,0,Female
28,United States,0,0,1,3.0,1,0,1,0,1,0,0,0,0,2,1,1,1,0,0,0,0,Female
27,United States,0,0,0,0.0,3,0,0,0,0,0,0,0,2,0,0,1,2,0,0,1,0,Female
56,United States,1,0,0,1.0,0,1,1,0,0,0,0,0,2,1,1,0,0,0,0,0,0,Female
38,United States,0,1,1,2.0,2,1,1,1,0,0,0,0,2,1,0,1,1,0,0,0,0,Male
40,United States,0,1,1,2.0,1,0,1,1,1,0,0,1,2,1,0,1,0,0,0,1,0,Male
44,United States,0,1,1,2.0,3,0,1,1,1,0,1,1,2,1,0,1,1,0,0,0,0,Male
34,Canada,0,1,0,2.0,5,0,1,1,0,1,1,1,2,1,0,0,0,0,1,0,0,Male
37,United Kingdom,0,0,0,0.0,2,1,1,0,0,0,0,0,3,0,0,1,2,0,2,0,0,Male
38,Italy,0,0,0,0.0,2,0,1,0,0,0,0,1,2,0,0,1,2,2,1,0,0,Male
34,Ireland,0,0,1,2.0,4,0,0,1,1,1,0,1,2,2,2,1,1,0,0,1,0,Female
35,Ireland,0,0,0,1.0,0,0,1,0,0,0,0,0,2,1,0,1,0,0,1,0,0,Female
34,Ireland,0,0,1,3.0,1,0,1,0,0,0,0,0,1,2,1,1,2,0,1,0,0,Male
32,United States,0,0,1,3.0,2,1,1,1,0,0,0,0,0,2,1,1,0,0,0,0,0,Male
28,Australia,0,0,1,3.0,3,1,1,0,1,0,0,0,2,2,0,0,0,0,1,0,0,Male
28,United States,0,0,1,1.0,1,0,1,1,0,0,0,0,3,2,2,1,0,0,0,0,1,Female
34,Ireland,0,1,1,0.0,0,1,1,0,0,0,0,0,2,1,0,1,2,0,0,0,0,Male
32,Ireland,0,0,1,2.0,1,0,1,0,0,0,0,0,3,0,0,1,2,0,1,0,0,Male
34,United Kingdom,0,1,0,3.0,2,1,0,0,0,0,0,0,3,1,0,1,2,1,2,1,0,Male
23,United States,0,0,1,2.0,0,0,1,0,1,0,0,0,4,1,1,1,2,0,0,0,0,Male
33,Czech Republic,0,1,0,3.0,3,0,1,0,1,0,0,0,3,0,0,1,2,1,1,0,1,Male
29,Singapore,0,1,1,2.0,2,0,1,0,0,0,0,0,1,1,0,0,0,0,1,0,0,Male
45,Ireland,0,0,0,0.0,5,1,1,0,0,0,0,0,2,2,0,2,1,0,0,0,1,Male
34,United Kingdom,0,0,1,2.0,5,0,0,0,1,0,1,1,1,1,1,1,2,0,1,0,1,Female
31,Philippines,0,0,0,2.0,5,0,1,0,0,0,0,0,0,2,2,1,0,0,1,0,1,Male
33,United States,0,0,1,3.0,2,1,1,1,1,0,0,1,2,1,0,1,0,0,1,0,0,Male
27,United Kingdom,0,0,0,1.0,5,1,0,0,0,0,1,0,2,0,0,1,2,0,0,0,0,Male
42,Ireland,0,0,0,0.0,2,0,1,0,1,0,0,0,1,2,2,1,1,0,0,0,0,Male
38,United States,0,0,1,2.0,5,1,1,1,0,1,1,1,4,0,0,2,2,0,0,0,0,Male
46,United States,0,1,1,3.0,2,0,1,0,0,0,0,0,2,1,0,1,0,0,0,0,0,Male
46,United States,0,1,1,2.0,3,1,1,0,0,0,0,0,2,0,0,1,2,2,2,0,0,Male
41,Netherlands,1,0,1,1.0,0,1,1,0,1,0,1,0,3,0,0,2,2,2,2,1,0,Female
23,United Kingdom,0,0,0,0.0,2,0,1,0,0,0,0,0,3,1,0,1,1,0,1,1,1,Male
24,Ireland,0,1,1,2.0,5,0,1,1,1,0,1,0,3,1,0,1,0,0,1,1,1,Male
23,Ireland,0,0,1,1.0,2,0,1,0,1,1,0,0,2,0,0,2,1,0,1,0,0,Female
32,Ireland,0,1,0,0.0,5,0,1,1,1,0,1,1,2,1,0,1,1,0,0,0,0,Female
25,United States,0,1,1,2.0,2,0,1,0,1,0,0,0,3,2,0,1,1,0,1,0,0,Male
23,United Kingdom,0,1,1,2.0,1,0,1,0,1,0,1,1,4,0,0,2,2,1,1,1,0,Female
24,United Kingdom,1,0,1,2.0,1,1,1,0,0,0,0,0,2,1,1,1,1,0,1,0,1,Male
25,United Kingdom,0,1,1,2.0,5,0,0,1,1,1,1,1,4,0,0,2,2,2,2,1,0,Male
23,United Kingdom,0,0,1,1.0,1,0,1,0,1,0,0,0,2,0,0,2,2,0,1,0,0,Male
24,United Kingdom,0,0,1,2.0,1,0,0,0,0,0,0,0,2,2,1,0,0,0,1,0,0,Male
23,Canada,0,0,1,3.0,2,0,1,1,1,1,0,0,2,1,0,2,1,0,0,0,0,Male
60,United States,0,0,1,3.0,5,1,1,0,0,1,0,0,3,1,1,1,0,0,1,0,0,Male
28,Ireland,0,0,0,2.0,2,0,1,0,1,0,0,1,2,2,1,0,0,0,0,0,1,Male
28,United States,0,1,1,3.0,5,0,0,1,1,1,1,1,3,2,1,1,2,0,0,0,1,Male
30,Netherlands,0,0,0,2.0,4,0,1,0,0,0,0,0,2,1,0,2,2,1,2,0,0,Male
31,Germany,0,1,1,2.0,3,0,1,0,0,0,0,1,3,0,0,1,0,0,0,0,0,Male
31,Poland,1,0,1,3.0,1,1,1,0,0,0,0,0,3,1,0,1,0,0,0,0,0,Male
28,Ireland,0,0,1,1.0,2,0,1,0,0,0,0,0,2,1,0,0,0,0,1,0,0,Male
43,United States,0,1,1,1.0,5,1,1,1,1,0,1,0,2,0,0,1,2,0,0,0,0,Female
22,Australia,0,1,1,3.0,3,0,0,1,1,1,1,1,2,1,1,0,2,0,1,0,1,Male
32,United States,0,0,0,0.0,3,0,1,1,0,0,1,0,3,0,0,0,1,1,2,0,0,Male
36,Finland,0,0,1,3.0,1,0,1,0,0,0,0,0,0,2,0,1,0,0,1,0,1,Male
41,United States,0,1,1,2.0,2,0,1,1,0,0,0,0,2,2,1,0,0,0,0,0,0,Female
30,United States,0,1,1,2.0,2,0,1,1,1,0,0,1,4,0,0,2,2,1,1,1,0,Male
30,United States,1,1,1,3.0,2,0,1,1,0,1,1,0,2,0,0,1,2,1,1,1,0,Male
36,South Africa,0,1,1,3.0,3,0,0,0,1,0,0,0,3,0,0,1,2,0,2,1,0,Male
29,United States,0,1,1,2.0,3,1,1,1,1,1,0,1,2,2,0,1,0,0,1,0,0,Male
36,United States,0,1,0,1.0,5,0,0,0,0,1,1,0,3,1,1,1,1,0,0,0,0,Male
32,United States,0,1,1,3.0,2,1,1,1,1,0,0,1,1,0,0,1,2,0,0,1,0,Male
34,United States,0,1,1,2.0,5,0,1,1,1,0,0,0,1,2,2,0,0,0,0,0,0,Male
25,United States,0,1,1,2.0,2,0,0,1,1,0,0,1,2,1,0,1,0,0,0,0,0,Male
